#
# There is insufficient memory for the Java Runtime Environment to continue.
# Native memory allocation (mmap) failed to map 5654970368 bytes. Error detail: committing reserved memory.
# Possible reasons:
#   The system is out of physical RAM or swap space
#   This process has exceeded the maximum number of memory mappings (check below
#     for `/proc/sys/vm/max_map_count` and `Total number of mappings`)
#   This process is running with CompressedOops enabled, and the Java Heap may be blocking the growth of the native heap
# Possible solutions:
#   Reduce memory load on the system
#   Increase physical memory or swap space
#   Check if swap backing store is full
#   Decrease Java heap size (-Xmx/-Xms)
#   Decrease number of Java threads
#   Decrease Java thread stack sizes (-Xss)
#   Set larger code cache with -XX:ReservedCodeCacheSize=
#   JVM is running with Zero Based Compressed Oops mode in which the Java heap is
#     placed in the first 32GB address space. The Java Heap base address is the
#     maximum limit for the native heap growth. Please use -XX:HeapBaseMinAddress
#     to set the Java Heap base and to place the Java Heap above 32GB virtual address.
# This output file may be truncated or incomplete.
#
#  Out of Memory Error (os_linux.cpp:2852), pid=2358, tid=2474
#
# JRE version: OpenJDK Runtime Environment Temurin-21.0.12.1+1 (21.0.12.1+1) (build 21.0.12.1+1-LTS)
# Java VM: OpenJDK 64-Bit Server VM Temurin-21.0.12.1+1 (21.0.12.1+1-LTS, mixed mode, sharing, tiered, compressed oops, compressed class ptrs, parallel gc, linux-amd64)
# Core dump will be written. Default location: Determined by the following: "/usr/share/apport/apport -p%p -s%s -c%c -d%d -P%P -u%u -g%g -F%F -- %E" (alternatively, falling back to /home/gabbs/Desktop/rabbit/core.2358)
#

---------------  S U M M A R Y ------------

Command Line: --add-modules=ALL-SYSTEM --add-opens=java.base/java.util=ALL-UNNAMED --add-opens=java.base/java.lang=ALL-UNNAMED --add-opens=java.base/sun.nio.fs=ALL-UNNAMED -Declipse.application=org.eclipse.jdt.ls.core.id1 -Dosgi.bundles.defaultStartLevel=4 -Declipse.product=org.eclipse.jdt.ls.core.product -Djava.import.generatesMetadataFilesAtProjectRoot=false -Dm2e.project.cache.size=50 -DDetectVMInstallationsJob.disabled=true -Dfile.encoding=utf8 -XX:+UseParallelGC -XX:GCTimeRatio=4 -XX:AdaptiveSizePolicyWeight=90 -Dsun.zip.disableMemoryMapping=true -Xmx8G -Xms100m -Xlog:disable -javaagent:/home/gabbs/.vscode/extensions/redhat.java-1.56.0-linux-x64/lombok/lombok-1.18.39-4050.jar -XX:+HeapDumpOnOutOfMemoryError -XX:HeapDumpPath=/home/gabbs/.config/Code/User/workspaceStorage/b977f89bdcc5cc735d15987db58e84b3/redhat.java -Daether.dependencyCollector.impl=bf /home/gabbs/.vscode/extensions/redhat.java-1.56.0-linux-x64/server/plugins/org.eclipse.equinox.launcher_1.8.0.v20260804-1928.jar -configuration /home/gabbs/.config/Code/User/globalStorage/redhat.java/1.56.0/config_linux -data /home/gabbs/.config/Code/User/workspaceStorage/b977f89bdcc5cc735d15987db58e84b3/redhat.java/jdt_ws --pipe=/run/user/1000/lsp-00fae7b1af22c13fdd3a3e80d23d4496.sock

Host: Intel(R) Core(TM) i7 CPU       L 640  @ 2.13GHz, 4 cores, 3G, Ubuntu 26.04.1 LTS
Time: Tue Sep 22 10:49:20 2026 EDT elapsed time: 304.291785 seconds (0d 0h 5m 4s)

---------------  T H R E A D  ---------------

Current thread (0x000076be70b0c3e0):  JavaThread "Java indexing" daemon [_thread_in_vm, id=2474, stack(0x000076bf147fd000,0x000076bf148fd000) (1024K)]

Stack: [0x000076bf147fd000,0x000076bf148fd000],  sp=0x000076bf148faa40,  free space=1014k
Native frames: (J=compiled Java code, j=interpreted, Vv=VM code, C=native code)
V  [libjvm.so+0x102cb0a]  VMError::report_and_die(int, char const*, char const*, __va_list_tag*, Thread*, unsigned char*, void*, void*, char const*, int, unsigned long)+0x2ba  (os_linux.cpp:2852)
V  [libjvm.so+0x102d56d]
V  [libjvm.so+0x6bff4f]
V  [libjvm.so+0xd10371]  os::pd_commit_memory(char*, unsigned long, unsigned long, bool)+0xd1
V  [libjvm.so+0xd08b6f]  os::commit_memory(char*, unsigned long, unsigned long, bool)+0x1f
V  [libjvm.so+0xd955cb]  PSVirtualSpace::expand_by(unsigned long)+0x4b
V  [libjvm.so+0xd847dc]  PSOldGen::expand_by(unsigned long)+0x1c
V  [libjvm.so+0xd849e8]  PSOldGen::expand(unsigned long)+0x128
V  [libjvm.so+0xd84a98]  PSOldGen::expand_for_allocate(unsigned long)+0x98
V  [libjvm.so+0xd3c253]  ParallelScavengeHeap::allocate_old_gen_and_record(unsigned long)+0xa3
V  [libjvm.so+0xd3d36e]  ParallelScavengeHeap::mem_allocate(unsigned long, bool*)+0xde
V  [libjvm.so+0xc6154e]  MemAllocator::allocate() const+0xce
V  [libjvm.so+0x452154]  ArrayKlass::allocate_arrayArray(int, int, JavaThread*)+0x144
V  [libjvm.so+0x911aee]  InterpreterRuntime::anewarray(JavaThread*, ConstantPool*, int, int)+0x14e
j  org.eclipse.jdt.internal.compiler.util.HashtableOfObject.<init>(I)V+63
J 7347 c1 org.eclipse.jdt.internal.core.index.DiskIndex.readCategoryTable([CZ)Lorg/eclipse/jdt/internal/compiler/util/HashtableOfObject; (743 bytes) @ 0x000076bf19ce0efc [0x000076bf19ce0b00+0x00000000000003fc]
j  org.eclipse.jdt.internal.core.index.DiskIndex.mergeCategory([CLorg/eclipse/jdt/internal/core/index/DiskIndex;[ILjava/io/OutputStream;)V+31
j  org.eclipse.jdt.internal.core.index.DiskIndex.mergeCategories(Lorg/eclipse/jdt/internal/core/index/DiskIndex;[ILjava/io/OutputStream;)V+109
j  org.eclipse.jdt.internal.core.index.DiskIndex.mergeWith(Lorg/eclipse/jdt/internal/core/index/MemoryIndex;)Lorg/eclipse/jdt/internal/core/index/DiskIndex;+335
j  org.eclipse.jdt.internal.core.index.Index.save()Z+40
j  org.eclipse.jdt.internal.core.search.indexing.IndexManager.saveIndex(Lorg/eclipse/jdt/internal/core/index/Index;)V+39
j  org.eclipse.jdt.internal.core.search.indexing.IndexManager.saveIndexes()V+139
j  org.eclipse.jdt.internal.core.search.indexing.IndexManager.notifyIdle(J)V+16
j  org.eclipse.jdt.internal.core.search.processing.JobManager.indexerLoop()V+110
j  org.eclipse.jdt.internal.core.search.processing.JobManager$$Lambda+0x000076bec03266f8.run()V+4
j  java.lang.Thread.runWith(Ljava/lang/Object;Ljava/lang/Runnable;)V+5 java.base@21.0.12.1
j  java.lang.Thread.run()V+19 java.base@21.0.12.1
v  ~StubRoutines::call_stub 0x000076bf20537cc4
V  [libjvm.so+0x91cbd5]  JavaCalls::call_helper(JavaValue*, methodHandle const&, JavaCallArguments*, JavaThread*)+0x2e5
V  [libjvm.so+0x91e552]  JavaCalls::call_virtual(JavaValue*, Handle, Klass*, Symbol*, Symbol*, JavaThread*)+0x1d2
V  [libjvm.so+0x9f3e0e]  thread_entry(JavaThread*, JavaThread*)+0x8e
V  [libjvm.so+0x9343f8]  JavaThread::thread_main_inner()+0x1d8
V  [libjvm.so+0xfa1c88]  Thread::call_run()+0xa8
V  [libjvm.so+0xd1385a]  thread_native_entry(Thread*)+0xda
C  [libc.so.6+0xa3dfa]
Java frames: (J=compiled Java code, j=interpreted, Vv=VM code)
j  org.eclipse.jdt.internal.compiler.util.HashtableOfObject.<init>(I)V+63
J 7347 c1 org.eclipse.jdt.internal.core.index.DiskIndex.readCategoryTable([CZ)Lorg/eclipse/jdt/internal/compiler/util/HashtableOfObject; (743 bytes) @ 0x000076bf19ce0efc [0x000076bf19ce0b00+0x00000000000003fc]
j  org.eclipse.jdt.internal.core.index.DiskIndex.mergeCategory([CLorg/eclipse/jdt/internal/core/index/DiskIndex;[ILjava/io/OutputStream;)V+31
j  org.eclipse.jdt.internal.core.index.DiskIndex.mergeCategories(Lorg/eclipse/jdt/internal/core/index/DiskIndex;[ILjava/io/OutputStream;)V+109
j  org.eclipse.jdt.internal.core.index.DiskIndex.mergeWith(Lorg/eclipse/jdt/internal/core/index/MemoryIndex;)Lorg/eclipse/jdt/internal/core/index/DiskIndex;+335
j  org.eclipse.jdt.internal.core.index.Index.save()Z+40
j  org.eclipse.jdt.internal.core.search.indexing.IndexManager.saveIndex(Lorg/eclipse/jdt/internal/core/index/Index;)V+39
j  org.eclipse.jdt.internal.core.search.indexing.IndexManager.saveIndexes()V+139
j  org.eclipse.jdt.internal.core.search.indexing.IndexManager.notifyIdle(J)V+16
j  org.eclipse.jdt.internal.core.search.processing.JobManager.indexerLoop()V+110
j  org.eclipse.jdt.internal.core.search.processing.JobManager$$Lambda+0x000076bec03266f8.run()V+4
j  java.lang.Thread.runWith(Ljava/lang/Object;Ljava/lang/Runnable;)V+5 java.base@21.0.12.1
j  java.lang.Thread.run()V+19 java.base@21.0.12.1
v  ~StubRoutines::call_stub 0x000076bf20537cc4

Compiled method (c1) 304788 7347  s!   2       org.eclipse.jdt.internal.core.index.DiskIndex::readCategoryTable (743 bytes)
 total in heap  [0x000076bf19ce0610,0x000076bf19ce48a8] = 17048
 relocation     [0x000076bf19ce0768,0x000076bf19ce0af8] = 912
 main code      [0x000076bf19ce0b00,0x000076bf19ce2cc8] = 8648
 stub code      [0x000076bf19ce2cc8,0x000076bf19ce2ed0] = 520
 oops           [0x000076bf19ce2ed0,0x000076bf19ce2ee0] = 16
 metadata       [0x000076bf19ce2ee0,0x000076bf19ce2f58] = 120
 scopes data    [0x000076bf19ce2f58,0x000076bf19ce3ab0] = 2904
 scopes pcs     [0x000076bf19ce3ab0,0x000076bf19ce40f0] = 1600
 dependencies   [0x000076bf19ce40f0,0x000076bf19ce4118] = 40
 handler table  [0x000076bf19ce4118,0x000076bf19ce47c0] = 1704
 nul chk table  [0x000076bf19ce47c0,0x000076bf19ce48a8] = 232

[Constant Pool (empty)]

[MachCode]
[Entry Point]
  # {method} {0x000076beb634ae00} 'readCategoryTable' '([CZ)Lorg/eclipse/jdt/internal/compiler/util/HashtableOfObject;' in 'org/eclipse/jdt/internal/core/index/DiskIndex'
  # this:     rsi:rsi   = 'org/eclipse/jdt/internal/core/index/DiskIndex'
  # parm0:    rdx:rdx   = '[C'
  # parm1:    rcx       = boolean
  #           [sp+0x1f0]  (sp of caller)
  0x000076bf19ce0b00: 448b 5608 | 49bb 0000 | 00bf be76 | 0000 4d03 | d34c 3bd0 

  0x000076bf19ce0b14: ;   {runtime_call ic_miss_stub}
  0x000076bf19ce0b14: 0f85 6642 | 8a06 660f | 1f44 0000 
[Verified Entry Point]
  0x000076bf19ce0b20: 8984 2400 | c0fe ff55 | 4881 ece0 | 0100 0090 | 4181 7f20 | 0400 0000 

  0x000076bf19ce0b38: ;   {runtime_call StubRoutines (final stubs)}
  0x000076bf19ce0b38: 7405 e821 | e588 0648 | 89b4 2488 | 0000 0048 | 8994 2490 | 0000 0089 | 8c24 9800 | 0000 488d 
  0x000076bf19ce0b58: bc24 c001 | 0000 4889 | 7708 488b | 0648 83c8 | 0148 8907 | f048 0fb1 | 3e0f 8412 | 0000 0048 
  0x000076bf19ce0b78: 2bc4 4825 | 07f0 ffff | 4889 070f | 8532 1400 | 0049 ff87 | 5005 0000 | 48bf 5857 | 3fb6 be76 
  0x000076bf19ce0b98: 0000 8b5f | 0883 c302 | 895f 0881 | e3fe 0f00 | 0085 db0f | 841d 1400 | 008b 7e3c | 48c1 e703 
  0x000076bf19ce0bb8: ; implicit exception: dispatches to 0x000076bf19ce1fef
  0x000076bf19ce0bb8: 483b 0748 | 8bda 488b | d348 8bf7 

  0x000076bf19ce0bc4: ;   {optimized virtual_call}
  0x000076bf19ce0bc4: 6666 90e8 

  0x000076bf19ce0bc8: ; ImmutableOopMap {[136]=Oop [144]=Oop [456]=Oop }
                      ;*invokevirtual get {reexecute=0 rethrow=0 return_oop=0}
                      ; - org.eclipse.jdt.internal.core.index.DiskIndex::readCategoryTable@5 (line 660)
  0x000076bf19ce0bc8: 4022 0000 

  0x000076bf19ce0bcc: ;   {other}
  0x000076bf19ce0bcc: 0f1f 8400 | bc05 0000 | 8984 249c | 0000 003d | 0000 0080 | 0f84 740b | 0000 488b | b424 8800 
  0x000076bf19ce0bec: 0000 8b7e | 4848 c1e7 | 0348 85ff | 0f85 ab00 

  0x000076bf19ce0bfc: ;   {metadata('org/eclipse/jdt/internal/compiler/util/HashtableOfObject')}
  0x000076bf19ce0bfc: 0000 48ba | 2866 47c0 | be76 0000 | 498b 87b8 | 0100 0048 | 8d78 2049 | 3bbf c801 | 0000 0f87 
  0x000076bf19ce0c1c: d413 0000 | 4989 bfb8 | 0100 0048 | c700 0100 | 0000 488b | ca49 ba00 | 0000 bfbe | 7600 0049 
  0x000076bf19ce0c3c: 2bca 8948 | 0848 33c9 | 8948 0c48 | 33c9 4889 | 4810 4889 | 4818 ba03 | 0000 0048 | 8bf0 4889 
  0x000076bf19ce0c5c: 8424 a000 | 0000 0f1f 

  0x000076bf19ce0c64: ;   {optimized virtual_call}
  0x000076bf19ce0c64: 4400 00e8 

  0x000076bf19ce0c68: ; ImmutableOopMap {[136]=Oop [144]=Oop [160]=Oop [456]=Oop }
                      ;*invokespecial <init> {reexecute=0 rethrow=0 return_oop=0}
                      ; - org.eclipse.jdt.internal.core.index.DiskIndex::readCategoryTable@31 (line 666)
  0x000076bf19ce0c68: 1444 8a06 

  0x000076bf19ce0c6c: ;   {other}
  0x000076bf19ce0c6c: 0f1f 8400 | 5c06 0001 | 488b 8424 | a000 0000 | 488b b424 | 8800 0000 | 4c8b d049 | c1ea 0344 
  0x000076bf19ce0c8c: 8956 4848 | 8d16 48c1 | ea09 48bf | 00f0 ff14 | bf76 0000 | c604 3a00 | e968 0000 | 0048 3b07 
  0x000076bf19ce0cac: 488b 9424 | 9000 0000 

  0x000076bf19ce0cb4: ;   {optimized virtual_call}
  0x000076bf19ce0cb4: 488b f7e8 

  0x000076bf19ce0cb8: ; ImmutableOopMap {[136]=Oop [144]=Oop [456]=Oop }
                      ;*invokevirtual get {reexecute=0 rethrow=0 return_oop=0}
                      ; - org.eclipse.jdt.internal.core.index.DiskIndex::readCategoryTable@45 (line 668)
  0x000076bf19ce0cb8: c45a 5300 

  0x000076bf19ce0cbc: ;   {other}
  0x000076bf19ce0cbc: 0f1f 8400 | ac06 0002 | 4885 c00f | 8428 0000 

  0x000076bf19ce0ccc: ;   {metadata('org/eclipse/jdt/internal/compiler/util/HashtableOfObject')}
  0x000076bf19ce0ccc: 0048 be28 | 6647 c0be | 7600 008b | 5808 49ba | 0000 00bf | be76 0000 | 4903 da48 | 3bf3 0f85 
  0x000076bf19ce0cec: 1613 0000 | e900 0000 | 0048 8bf8 | 4889 bc24 | 0001 0000 | 4885 ff0f | 851b 0800 | 0048 8bb4 
  0x000076bf19ce0d0c: 2488 0000 

  0x000076bf19ce0d10: ;   {oop(a 'java/lang/Class'{0x000000060146acd8} = 'org/eclipse/jdt/internal/core/index/DiskIndex')}
  0x000076bf19ce0d10: 0048 bbd8 | ac46 0106 | 0000 008b | 9b88 0000 

  0x000076bf19ce0d20: ;   {metadata({type array byte})}
  0x000076bf19ce0d20: 0048 ba18 | 2300 bfbe | 7600 004c | 8bc6 4863 | db48 8bfb | 4881 fbff | ffff 000f | 87ce 1200 
  0x000076bf19ce0d40: 0048 c7c6 | 1700 0000 | 488d 341e | 4883 e6f8 | 498b 87b8 | 0100 0048 | 8d34 3049 | 3bb7 c801 
  0x000076bf19ce0d60: 0000 0f87 | a712 0000 | 4989 b7b8 | 0100 0048 | 2bf0 48c7 | 0001 0000 | 0048 8bca | 49ba 0000 
  0x000076bf19ce0d80: 00bf be76 | 0000 492b | ca89 4808 | 8958 0c48 | 83ee 1048 | 85f6 0f84 | 1100 0000 | 4833 db48 
  0x000076bf19ce0da0: c1ee 0348 | 895c f008 | 48ff ce75 | f64c 8bd0 | 49c1 ea03 | 4589 5050 | 498d 3048 | c1ee 0948 
  0x000076bf19ce0dc0: bf00 f0ff | 14bf 7600 | 00c6 043e | 0041 8b70 | 3448 c1e6 | 0348 b8ff | ffff ffff 

  0x000076bf19ce0ddc: ;   {virtual_call}
  0x000076bf19ce0ddc: ffff ffe8 

  0x000076bf19ce0de0: ; ImmutableOopMap {[136]=Oop [144]=Oop [456]=Oop }
                      ;*invokevirtual getInputStream {reexecute=0 rethrow=0 return_oop=0}
                      ; - org.eclipse.jdt.internal.core.index.DiskIndex::readCategoryTable@149 (line 686)
  0x000076bf19ce0de0: bc17 8a06 

  0x000076bf19ce0de4: ;   {other}
  0x000076bf19ce0de4: 0f1f 8400 | d407 0003 | 4889 8424 | a800 0000 | 8bbc 249c | 0000 0048 | 63d7 488b | f00f 1f40 
  0x000076bf19ce0e04: 0048 b8ff | ffff ffff 

  0x000076bf19ce0e0c: ;   {virtual_call}
  0x000076bf19ce0e0c: ffff ffe8 

  0x000076bf19ce0e10: ; ImmutableOopMap {[136]=Oop [144]=Oop [168]=Oop [456]=Oop }
                      ;*invokevirtual skip {reexecute=0 rethrow=0 return_oop=0}
                      ; - org.eclipse.jdt.internal.core.index.DiskIndex::readCategoryTable@158 (line 687)
  0x000076bf19ce0e10: cc17 8a06 

  0x000076bf19ce0e14: ;   {other}
  0x000076bf19ce0e14: 0f1f 8400 | 0408 0004 | 488b b424 | 8800 0000 | c746 2400 | 0000 008b | 5650 48c1 | e203 448b 
  0x000076bf19ce0e34: 420c b900 | 0000 0048 | 8bb4 24a8 | 0000 0066 | 9048 b840 | 1a01 bfbe 

  0x000076bf19ce0e4c: ;   {virtual_call}
  0x000076bf19ce0e4c: 7600 00e8 

  0x000076bf19ce0e50: ; ImmutableOopMap {[136]=Oop [144]=Oop [168]=Oop [456]=Oop }
                      ;*invokevirtual read {reexecute=0 rethrow=0 return_oop=0}
                      ; - org.eclipse.jdt.internal.core.index.DiskIndex::readCategoryTable@180 (line 689)
  0x000076bf19ce0e50: 8c3c 0000 

  0x000076bf19ce0e54: ;   {other}
  0x000076bf19ce0e54: 0f1f 8400 | 4408 0005 | 488b b424 | 8800 0000 | 8946 2848 | 8b94 24a8 | 0000 0048 | 8bfe 488b 
  0x000076bf19ce0e74: ;   {optimized virtual_call}
  0x000076bf19ce0e74: f766 90e8 

  0x000076bf19ce0e78: ; ImmutableOopMap {[136]=Oop [144]=Oop [168]=Oop [456]=Oop }
                      ;*invokevirtual readStreamInt {reexecute=0 rethrow=0 return_oop=0}
                      ; - org.eclipse.jdt.internal.core.index.DiskIndex::readCategoryTable@189 (line 690)
  0x000076bf19ce0e78: bd1f 0000 

  0x000076bf19ce0e7c: ;   {other}
  0x000076bf19ce0e7c: 0f1f 8400 | 6c08 0006 | 8984 24b0 

  0x000076bf19ce0e88: ;   {metadata('org/eclipse/jdt/internal/compiler/util/HashtableOfObject')}
  0x000076bf19ce0e88: 0000 0048 | ba28 6647 | c0be 7600 | 0048 8bd8 | 498b 87b8 | 0100 0048 | 8d78 2049 | 3bbf c801 
  0x000076bf19ce0ea8: 0000 0f87 | 6e11 0000 | 4989 bfb8 | 0100 0048 | c700 0100 | 0000 488b | ca49 ba00 | 0000 bfbe 
  0x000076bf19ce0ec8: 7600 0049 | 2bca 8948 | 0848 33c9 | 8948 0c48 | 33c9 4889 | 4810 4889 | 4818 4889 | 8424 b800 
  0x000076bf19ce0ee8: 0000 488b | d348 8bf0 | 0f1f 8000 

  0x000076bf19ce0ef4: ;   {optimized virtual_call}
  0x000076bf19ce0ef4: 0000 00e8 

  0x000076bf19ce0ef8: ; ImmutableOopMap {[136]=Oop [144]=Oop [168]=Oop [184]=Oop [456]=Oop }
                      ;*invokespecial <init> {reexecute=0 rethrow=0 return_oop=0}
                      ; - org.eclipse.jdt.internal.core.index.DiskIndex::readCategoryTable@200 (line 692)
  0x000076bf19ce0ef8: 1f1f 0000 

  0x000076bf19ce0efc: ;   {other}
  0x000076bf19ce0efc: 0f1f 8400 | ec08 0007 | bf00 0000 | 00bb ffff | ffff b800 

  0x000076bf19ce0f10: ;   {oop(nullptr)}
  0x000076bf19ce0f10: 0000 0048 | b900 0000 | 0000 0000 | 0089 9c24 | b400 0000 | 8984 24c0 | 0000 0048 | 898c 24c8 
  0x000076bf19ce0f30: 0000 000f | 1f44 0000 | 8b84 24b0 | 0000 0048 | 8b9c 24a8 | 0000 003b | f8ba 0200 | 0000 7c05 
  0x000076bf19ce0f50: ba00 0000 | 0049 be58 | 573f b6be | 7600 0041 | 8b76 0c03 | f241 8976 | 0c85 d275 | 05be 0200 
  0x000076bf19ce0f70: 0000 81e6 | fe7f 0000 | 85f6 0f84 | ab10 0000 | 4d8b 9758 

  0x000076bf19ce0f84: ; ImmutableOopMap {rbx=Oop [136]=Oop [144]=Oop [168]=Oop [184]=Oop [200]=Oop [456]=Oop }
                      ;*if_icmplt {reexecute=1 rethrow=0 return_oop=0}
                      ; - (reexecute) org.eclipse.jdt.internal.core.index.DiskIndex::readCategoryTable@387 (line 701)
                      ;   {poll}
  0x000076bf19ce0f84: 0400 0041 | 8502 3bf8 | 0f8d 4f04 | 0000 89bc | 24c4 0000 | 0048 8bb4 | 2488 0000 | 0048 8bd3 
  0x000076bf19ce0fa4: 4c8b f649 | 8bf6 0f1f 

  0x000076bf19ce0fac: ;   {optimized virtual_call}
  0x000076bf19ce0fac: 4400 00e8 

  0x000076bf19ce0fb0: ; ImmutableOopMap {[136]=Oop [144]=Oop [168]=Oop [184]=Oop [200]=Oop [456]=Oop }
                      ;*invokevirtual readStreamChars {reexecute=0 rethrow=0 return_oop=0}
                      ; - org.eclipse.jdt.internal.core.index.DiskIndex::readCategoryTable@263 (line 702)
  0x000076bf19ce0fb0: cc40 8a06 

  0x000076bf19ce0fb4: ;   {other}
  0x000076bf19ce0fb4: 0f1f 8400 | a409 0009 | 488b 9424 | a800 0000 | 488b b424 | 8800 0000 | 4889 8424 | d000 0000 
  0x000076bf19ce0fd4: ;   {optimized virtual_call}
  0x000076bf19ce0fd4: 6666 90e8 

  0x000076bf19ce0fd8: ; ImmutableOopMap {[136]=Oop [144]=Oop [168]=Oop [184]=Oop [200]=Oop [208]=Oop [456]=Oop }
                      ;*invokevirtual readStreamInt {reexecute=0 rethrow=0 return_oop=0}
                      ; - org.eclipse.jdt.internal.core.index.DiskIndex::readCategoryTable@271 (line 703)
  0x000076bf19ce0fd8: a440 8a06 

  0x000076bf19ce0fdc: ;   {other}
  0x000076bf19ce0fdc: 0f1f 8400 | cc09 000a | 4c8b c045 | 85c0 0f8f | d700 0000 | bb01 0000 

  0x000076bf19ce0ff4: ;   {metadata({type array int})}
  0x000076bf19ce0ff4: 0048 ba08 | 2700 bfbe | 7600 0048 | 63db 488b | fb48 81fb | ffff ff00 | 0f87 3a10 | 0000 48c7 
  0x000076bf19ce1014: c617 0000 | 0048 8d34 | 9e48 83e6 | f849 8b87 | b801 0000 | 488d 3430 | 493b b7c8 | 0100 000f 
  0x000076bf19ce1034: 8713 1000 | 0049 89b7 | b801 0000 | 482b f048 | c700 0100 | 0000 488b | ca49 ba00 | 0000 bfbe 
  0x000076bf19ce1054: 7600 0049 | 2bca 8948 | 0889 580c | 4883 ee10 | 4885 f60f | 8411 0000 | 0048 33db | 48c1 ee03 
  0x000076bf19ce1074: 4889 5cf0 | 0848 ffce | 75f6 41f7 | d849 8bd0 | 8950 1048 | 8b94 24d0 | 0000 0048 | 8bc8 488b 
  0x000076bf19ce1094: b424 b800 | 0000 0f1f 

  0x000076bf19ce109c: ;   {optimized virtual_call}
  0x000076bf19ce109c: 4400 00e8 

  0x000076bf19ce10a0: ; ImmutableOopMap {[136]=Oop [144]=Oop [168]=Oop [184]=Oop [200]=Oop [456]=Oop }
                      ;*invokevirtual putUnsafely {reexecute=0 rethrow=0 return_oop=0}
                      ; - org.eclipse.jdt.internal.core.index.DiskIndex::readCategoryTable@294 (line 709)
  0x000076bf19ce10a0: dc3f 8a06 

  0x000076bf19ce10a4: ;   {other}
  0x000076bf19ce10a4: 0f1f 8400 | 940a 000b | 8b9c 24b4 | 0000 008b | 8424 c000 | 0000 488b | 8c24 c800 | 0000 e9f3 
  0x000076bf19ce10c4: 0200 0041 | 81f8 0001 | 0000 488b | 9424 a800 | 0000 0f8d | 5300 0000 | 498b c848 | 8bb4 2488 
  0x000076bf19ce10e4: ;   {optimized virtual_call}
  0x000076bf19ce10e4: 0000 00e8 

  0x000076bf19ce10e8: ; ImmutableOopMap {[136]=Oop [144]=Oop [168]=Oop [184]=Oop [200]=Oop [208]=Oop [456]=Oop }
                      ;*invokevirtual readStreamDocumentArray {reexecute=0 rethrow=0 return_oop=0}
                      ; - org.eclipse.jdt.internal.core.index.DiskIndex::readCategoryTable@316 (line 711)
  0x000076bf19ce10e8: 943f 8a06 

  0x000076bf19ce10ec: ;   {other}
  0x000076bf19ce10ec: 0f1f 8400 | dc0a 000c | 488b 9424 | d000 0000 | 488b c848 | 8bb4 24b8 

  0x000076bf19ce1104: ;   {optimized virtual_call}
  0x000076bf19ce1104: 0000 00e8 

  0x000076bf19ce1108: ; ImmutableOopMap {[136]=Oop [144]=Oop [168]=Oop [184]=Oop [200]=Oop [456]=Oop }
                      ;*invokevirtual putUnsafely {reexecute=0 rethrow=0 return_oop=0}
                      ; - org.eclipse.jdt.internal.core.index.DiskIndex::readCategoryTable@319 (line 711)
  0x000076bf19ce1108: 743f 8a06 

  0x000076bf19ce110c: ;   {other}
  0x000076bf19ce110c: 0f1f 8400 | fc0a 000d | 8b9c 24b4 | 0000 008b | 8424 c000 | 0000 488b | 8c24 c800 | 0000 e98b 
  0x000076bf19ce112c: 0200 0048 | 8bb4 2488 

  0x000076bf19ce1134: ;   {optimized virtual_call}
  0x000076bf19ce1134: 0000 00e8 

  0x000076bf19ce1138: ; ImmutableOopMap {[136]=Oop [144]=Oop [168]=Oop [184]=Oop [200]=Oop [208]=Oop [456]=Oop }
                      ;*invokevirtual readStreamInt {reexecute=0 rethrow=0 return_oop=0}
                      ; - org.eclipse.jdt.internal.core.index.DiskIndex::readCategoryTable@328 (line 713)
  0x000076bf19ce1138: 443f 8a06 

  0x000076bf19ce113c: ;   {other}
  0x000076bf19ce113c: 0f1f 8400 | 2c0b 000e | 4c8b c08b | 8c24 9800 | 0000 85c9 | 0f85 2300 | 0000 8b9c | 24b4 0000 
  0x000076bf19ce115c: 008b 8424 | c000 0000 | 4c8b 8c24 | c800 0000 | 4c8b ac24 | d000 0000 | e965 0100 | 004c 8b8c 
  0x000076bf19ce117c: 24c8 0000 | 004d 85c9 | 0f85 9300 | 0000 8b9c | 24b0 0000 

  0x000076bf19ce1190: ;   {metadata({type array char}[])}
  0x000076bf19ce1190: 0048 ba00 | c70d c0be | 7600 0048 | 63db 488b | fb48 81fb | ffff ff00 | 0f87 a80e | 0000 48c7 
  0x000076bf19ce11b0: c617 0000 | 0048 8d34 | 9e48 83e6 | f849 8b87 | b801 0000 | 488d 3430 | 493b b7c8 | 0100 000f 
  0x000076bf19ce11d0: 8781 0e00 | 0049 89b7 | b801 0000 | 482b f048 | c700 0100 | 0000 488b | ca49 ba00 | 0000 bfbe 
  0x000076bf19ce11f0: 7600 0049 | 2bca 8948 | 0889 580c | 4883 ee10 | 4885 f60f | 8411 0000 | 0048 33db | 48c1 ee03 
  0x000076bf19ce1210: 4889 5cf0 | 0848 ffce | 75f6 4c8b | c88b 8424 | c000 0000 | 85c0 0f84 | 0c00 0000 | 8b9c 24b4 
  0x000076bf19ce1230: 0000 00e9 | 0300 0000 | 498b d84c | 8bac 24d0 | 0000 0048 | 8bd0 ffc2 

  0x000076bf19ce1248: ; implicit exception: dispatches to 0x000076bf19ce2060
  0x000076bf19ce1248: 413b 410c | 0f83 180e | 0000 4d85 | ed0f 8459 | 0000 0041 | 8b71 0849 | ba00 0000 | bfbe 7600 
  0x000076bf19ce1268: 0049 03f2 | 418b 7d08 | 49ba 0000 | 00bf be76 | 0000 4903 | fa48 8bb6 | e000 0000 | 483b fe0f 
  0x000076bf19ce1288: 8427 0000 | 008b 4e14 

  0x000076bf19ce1290: ;   {no_reloc}
  0x000076bf19ce1290: 483b 340f | 0f84 1a00 | 0000 83f9 | 200f 85da | 0d00 0057 

  0x000076bf19ce12a4: ;   {runtime_call slow_subtype_check Runtime1 stub}
  0x000076bf19ce12a4: 56e8 d624 | 9506 5f5e | 85f6 0f84 | c90d 0000 | 4863 c049 | 8d74 8110 | 4d8b d549 | c1ea 0344 
  0x000076bf19ce12c4: 8916 488d | 3648 c1ee | 0948 bf00 | f0ff 14bf | 7600 00c6 | 043e 0048 | 8bc2 4183 | f880 0f8c 
  0x000076bf19ce12e4: 0a00 0000 | 4183 f87f | 0f8e 5c00 | 0000 8984 | 24dc 0000 

  0x000076bf19ce12f8: ;   {metadata('java/lang/Integer')}
  0x000076bf19ce12f8: 0048 bad8 | 5f02 bfbe | 7600 0049 | 8b87 b801 | 0000 488d | 7810 493b | bfc8 0100 | 000f 876b 
  0x000076bf19ce1318: 0d00 0049 | 89bf b801 | 0000 48c7 | 0001 0000 | 0048 8bca | 49ba 0000 | 00bf be76 | 0000 492b 
  0x000076bf19ce1338: ca89 4808 | 4833 c989 | 480c 4833 | c944 8940 | 0ce9 2700 | 0000 8984 | 24dc 0000 | 0041 81c0 
  0x000076bf19ce1358: 8000 0000 

  0x000076bf19ce135c: ;   {oop(a 'java/lang/Integer'[256] {0x00000006000c3bb0})}
  0x000076bf19ce135c: 48ba b03b | 0c00 0600 | 0000 4d63 | c042 8b54 | 8210 48c1 | e203 488b | c289 9c24 | d800 0000 
  0x000076bf19ce137c: 4c89 8c24 | e000 0000 | 498b d548 | 8bc8 488b | b424 b800 | 0000 0f1f 

  0x000076bf19ce1394: ;   {optimized virtual_call}
  0x000076bf19ce1394: 4400 00e8 

  0x000076bf19ce1398: ; ImmutableOopMap {[136]=Oop [144]=Oop [168]=Oop [184]=Oop [224]=Oop [456]=Oop }
                      ;*invokevirtual putUnsafely {reexecute=0 rethrow=0 return_oop=0}
                      ; - org.eclipse.jdt.internal.core.index.DiskIndex::readCategoryTable@377 (line 721)
  0x000076bf19ce1398: e43c 8a06 

  0x000076bf19ce139c: ;   {other}
  0x000076bf19ce139c: 0f1f 8400 | 8c0d 000f | 8b9c 24d8 | 0000 008b | 8424 dc00 | 0000 488b | 8c24 e000 | 0000 8bbc 
  0x000076bf19ce13bc: 24c4 0000 | 00ff c74c | 8bc9 899c | 24b4 0000 | 0089 8424 | c000 0000 | 4c89 8c24 | c800 0000 
  0x000076bf19ce13dc: e957 fbff | ff48 8b94 | 2490 0000 | 0048 8bb4 | 2488 0000 | 0044 8b4e | 4849 c1e1 | 034c 8bda 
  0x000076bf19ce13fc: ;   {oop(a 'org/eclipse/jdt/internal/compiler/util/SimpleSetOfCharArray'{0x000000060146ad78})}
  0x000076bf19ce13fc: 498b d348 | be78 ad46 | 0106 0000 | 004c 898c | 24e8 0000 | 0066 0f1f 

  0x000076bf19ce1414: ;   {optimized virtual_call}
  0x000076bf19ce1414: 4400 00e8 

  0x000076bf19ce1418: ; ImmutableOopMap {[136]=Oop [144]=Oop [168]=Oop [184]=Oop [200]=Oop [232]=Oop [456]=Oop }
                      ;*invokevirtual get {reexecute=0 rethrow=0 return_oop=0}
                      ; - org.eclipse.jdt.internal.core.index.DiskIndex::readCategoryTable@398 (line 724)
  0x000076bf19ce1418: 643c 8a06 

  0x000076bf19ce141c: ;   {other}
  0x000076bf19ce141c: 0f1f 8400 | 0c0e 0010 | 4c8b 8c24 | e800 0000 

  0x000076bf19ce142c: ; implicit exception: dispatches to 0x000076bf19ce2098
  0x000076bf19ce142c: 493b 0148 | 8bd0 488b | 8c24 b800 | 0000 498b 

  0x000076bf19ce143c: ;   {optimized virtual_call}
  0x000076bf19ce143c: f166 90e8 

  0x000076bf19ce1440: ; ImmutableOopMap {[136]=Oop [144]=Oop [168]=Oop [184]=Oop [200]=Oop [456]=Oop }
                      ;*invokevirtual put {reexecute=0 rethrow=0 return_oop=0}
                      ; - org.eclipse.jdt.internal.core.index.DiskIndex::readCategoryTable@403 (line 724)
  0x000076bf19ce1440: 3c3c 8a06 

  0x000076bf19ce1444: ;   {other}
  0x000076bf19ce1444: 0f1f 8400 | 340e 0011 | 488b 8424 | b800 0000 | 8b70 0c81 | fe20 4e00 | 0048 8b94 | 2490 0000 
  0x000076bf19ce1464: ;   {oop(nullptr)}
  0x000076bf19ce1464: 0048 be00 | 0000 0000 | 0000 0048 | 0f4c f248 | 8bbc 2488 | 0000 004c | 8bd6 49c1 | ea03 4489 
  0x000076bf19ce1484: 574c 488d | 3748 c1ee | 0948 bb00 | f0ff 14bf | 7600 00c6 | 041e 0048 | 8b9c 24a8 | 0000 0048 
  0x000076bf19ce14a4: 85db 0f85 | 2100 0000 | 8b9c 24b4 | 0000 0048 | 8b8c 24c8 | 0000 0048 | 8bd0 488b | f78b 8424 
  0x000076bf19ce14c4: c000 0000 | e945 0000 | 0048 8bf3 | 0f1f 4400 | 0048 b8ff | ffff ffff 

  0x000076bf19ce14dc: ;   {virtual_call}
  0x000076bf19ce14dc: ffff ffe8 

  0x000076bf19ce14e0: ; ImmutableOopMap {[136]=Oop [184]=Oop [200]=Oop [456]=Oop }
                      ;*invokevirtual close {reexecute=0 rethrow=0 return_oop=0}
                      ; - org.eclipse.jdt.internal.core.index.DiskIndex::readCategoryTable@434 (line 728)
  0x000076bf19ce14e0: 9c3e 8a06 

  0x000076bf19ce14e4: ;   {other}
  0x000076bf19ce14e4: 0f1f 8400 | d40e 0012 | 8b9c 24b4 | 0000 008b | 8424 c000 | 0000 488b | 8c24 c800 | 0000 488b 
  0x000076bf19ce1504: 9424 b800 | 0000 488b | b424 8800 | 0000 8b7e | 3448 c1e7 | 0348 3b07 | 488b fae9 | 6606 0000 
  0x000076bf19ce1524: 8b8c 2498 | 0000 0048 | 8bb4 2488 | 0000 0085 | c90f 84dc | 0100 008b | 5f18 48c1 | e303 4889 
  0x000076bf19ce1544: 9c24 f000 | 0000 8b43 | 0c89 8424 | fc00 0000 | b900 0000 | 00e9 1501 | 0000 6690 | 4863 d18b 
  0x000076bf19ce1564: 5493 1048 | c1e2 0348 | 85d2 0f84 | 2900 0000 

  0x000076bf19ce1574: ;   {metadata('java/lang/Integer')}
  0x000076bf19ce1574: 49bd d85f | 02bf be76 | 0000 448b | 4a08 49ba | 0000 00bf | be76 0000 | 4d03 ca4d | 3be9 0f85 
  0x000076bf19ce1594: 0500 0000 | e905 0000 | 004d 33c0 | eb07 49c7 | c001 0000 | 0045 85c0 | 0f84 b000 | 0000 898c 
  0x000076bf19ce15b4: 24f8 0000 | 004c 8bc6 

  0x000076bf19ce15bc: ;   {optimized virtual_call}
  0x000076bf19ce15bc: 498b f0e8 

  0x000076bf19ce15c0: ; ImmutableOopMap {[136]=Oop [240]=Oop [256]=Oop [456]=Oop }
                      ;*invokevirtual readDocumentNumbers {reexecute=0 rethrow=0 return_oop=0}
                      ; - org.eclipse.jdt.internal.core.index.DiskIndex::readCategoryTable@101 (line 674)
  0x000076bf19ce15c0: bc3a 8a06 

  0x000076bf19ce15c4: ;   {other}
  0x000076bf19ce15c4: 0f1f 8400 | b40f 0013 | 488b 9c24 | f000 0000 | 4885 c00f | 8457 0000 | 008b 7308 | 49ba 0000 
  0x000076bf19ce15e4: 00bf be76 | 0000 4903 | f28b 7808 | 49ba 0000 | 00bf be76 | 0000 4903 | fa48 8bb6 | e000 0000 
  0x000076bf19ce1604: 483b fe0f | 8427 0000 | 008b 5614 | 483b 3417 | 0f84 1a00 | 0000 83fa | 200f 858e | 0a00 0057 
  0x000076bf19ce1624: ;   {runtime_call slow_subtype_check Runtime1 stub}
  0x000076bf19ce1624: 56e8 5621 | 9506 5f5e | 85f6 0f84 | 7d0a 0000 | 8b8c 24f8 | 0000 0048 | 63f1 488d | 74b3 104c 
  0x000076bf19ce1644: 8bd0 49c1 | ea03 4489 | 1648 8d06 | 48c1 e809 | 48be 00f0 | ff14 bf76 | 0000 c604 | 3000 ffc1 
  0x000076bf19ce1664: 8b84 24fc | 0000 0048 | 8bb4 2488 | 0000 003b | c8ba 0200 | 0000 7c05 | ba00 0000 | 0049 b858 
  0x000076bf19ce1684: 573f b6be | 7600 0045 | 8b48 0c44 | 03ca 4589 | 480c 85d2 | 7506 41b9 | 0200 0000 | 4181 e1fe 
  0x000076bf19ce16a4: 7f00 0045 | 85c9 0f84 | 0a0a 0000 | 4d8b 9758 

  0x000076bf19ce16b4: ; ImmutableOopMap {rsi=Oop rbx=Oop [136]=Oop [240]=Oop [256]=Oop [456]=Oop }
                      ;*if_icmplt {reexecute=1 rethrow=0 return_oop=0}
                      ; - (reexecute) org.eclipse.jdt.internal.core.index.DiskIndex::readCategoryTable@112 (line 672)
                      ;   {poll}
  0x000076bf19ce16b4: 0400 0041 | 8502 3bc8 | 0f8c 9efe | ffff 488b | bc24 0001 | 0000 e948 | 0000 0048 | 8b9c 24a8 
  0x000076bf19ce16d4: 0000 0048 | 8bb4 2488 | 0000 0049 | 8b87 0005 | 0000 4d33 | d24d 8997 | 0005 0000 | 4d33 d24d 
  0x000076bf19ce16f4: 8997 0805 | 0000 4889 | 8424 0801 | 0000 8b7e | 3448 c1e7 | 0348 85ff | 0f85 a100 | 0000 e98d 
  0x000076bf19ce1714: 0000 0048 | 8d84 24c0 | 0100 0048 | 8b30 4885 | f60f 840f | 0000 0048 | 8b58 08f0 | 480f b133 
  0x000076bf19ce1734: 0f85 a109 | 0000 49ff | 8f50 0500 | 0048 8bc7 | 4881 c4e0 | 0100 005d 

  0x000076bf19ce174c: ;   {poll_return}
  0x000076bf19ce174c: 493b a750 | 0400 000f | 8798 0900 | 00c3 488d | 8424 c001 | 0000 488b | 3048 85f6 | 0f84 0f00 
  0x000076bf19ce176c: 0000 488b | 7808 f048 | 0fb1 370f | 858a 0900 | 0049 ff8f | 5005 0000 

  0x000076bf19ce1784: ;   {oop(nullptr)}
  0x000076bf19ce1784: 48b8 0000 | 0000 0000 | 0000 4881 | c4e0 0100 

  0x000076bf19ce1794: ;   {poll_return}
  0x000076bf19ce1794: 005d 493b | a750 0400 | 000f 877a | 0900 00c3 

  0x000076bf19ce17a4: ;   {oop("null"{0x0000000600045198})}
  0x000076bf19ce17a4: 48bf 9851 | 0400 0600 | 0000 e924 | 0000 008b | 7f10 48c1 | e703 488b | f748 b8ff | ffff ffff 
  0x000076bf19ce17c4: ;   {virtual_call}
  0x000076bf19ce17c4: ffff ffe8 

  0x000076bf19ce17c8: ; ImmutableOopMap {[136]=Oop [168]=Oop [264]=Oop [456]=Oop }
                      ;*invokevirtual toString {reexecute=0 rethrow=0 return_oop=0}
                      ; - org.eclipse.jdt.internal.core.index.IndexLocation::toString@4 (line 153)
                      ; - java.lang.String::valueOf@11
                      ; - org.eclipse.jdt.internal.core.index.DiskIndex::readCategoryTable@214 (line 694)
  0x000076bf19ce17c8: b43b 8a06 

  0x000076bf19ce17cc: ;   {other}
  0x000076bf19ce17cc: 0f1f 8400 | bc11 0015 | 488b f88b | 8c24 b000 | 0000 8b84 | 249c 0000 | 0066 6690 

  0x000076bf19ce17e8: ;   {no_reloc}
  0x000076bf19ce17e8: e95a 0900 | 0090 9090 | 9090 488b | f748 8bd0 | 0f1f 8000 

  0x000076bf19ce17fc: ;   {static_call}
  0x000076bf19ce17fc: 0000 00e8 

  0x000076bf19ce1800: ; ImmutableOopMap {[136]=Oop [168]=Oop [264]=Oop [456]=Oop }
                      ;*invokedynamic {reexecute=0 rethrow=0 return_oop=0}
                      ; - org.eclipse.jdt.internal.core.index.DiskIndex::readCategoryTable@220 (line 694)
  0x000076bf19ce1800: 7c3e 8a06 

  0x000076bf19ce1804: ;   {other}
  0x000076bf19ce1804: 0f1f 8400 | f411 0016 | 488b d890 

  0x000076bf19ce1810: ;   {no_reloc}
  0x000076bf19ce1810: e94b 0900 | 0000 0000 | 0000 80ba | 3101 0000 | 040f 8548 | 0900 0049 | 8b87 b801 | 0000 488d 
  0x000076bf19ce1830: 7828 493b | bfc8 0100 | 000f 8730 | 0900 0049 | 89bf b801 | 0000 48c7 | 0001 0000 | 0048 8bca 
  0x000076bf19ce1850: 49ba 0000 | 00bf be76 | 0000 492b | ca89 4808 | 4833 c989 | 480c 4833 | c948 8948 | 1048 8948 
  0x000076bf19ce1870: 1848 8948 | 2048 8bd3 | 488b f048 | 8984 2410 | 0100 000f 

  0x000076bf19ce1884: ;   {optimized virtual_call}
  0x000076bf19ce1884: 1f40 00e8 

  0x000076bf19ce1888: ; ImmutableOopMap {[136]=Oop [168]=Oop [264]=Oop [272]=Oop [456]=Oop }
                      ;*invokespecial <init> {reexecute=0 rethrow=0 return_oop=0}
                      ; - org.eclipse.jdt.internal.core.index.DiskIndex::readCategoryTable@233 (line 696)
  0x000076bf19ce1888: f437 8a06 

  0x000076bf19ce188c: ;   {other}
  0x000076bf19ce188c: 0f1f 8400 | 7c12 0017 | 488b 9424 | 0801 0000 | 488b b424 | 1001 0000 | 9048 b8ff | ffff ffff 
  0x000076bf19ce18ac: ;   {virtual_call}
  0x000076bf19ce18ac: ffff ffe8 

  0x000076bf19ce18b0: ; ImmutableOopMap {[136]=Oop [168]=Oop [272]=Oop [456]=Oop }
                      ;*invokevirtual initCause {reexecute=0 rethrow=0 return_oop=0}
                      ; - org.eclipse.jdt.internal.core.index.DiskIndex::readCategoryTable@242 (line 697)
  0x000076bf19ce18b0: cc3a 8a06 

  0x000076bf19ce18b4: ;   {other}
  0x000076bf19ce18b4: 0f1f 8400 | a412 0018 | 488b 8424 

  0x000076bf19ce18c0: ; ImmutableOopMap {rax=Oop [136]=Oop [168]=Oop [456]=Oop }
                      ;*athrow {reexecute=1 rethrow=0 return_oop=0}
                      ; - (reexecute) org.eclipse.jdt.internal.core.index.DiskIndex::readCategoryTable@248 (line 698)
  0x000076bf19ce18c0: 1001 0000 

  0x000076bf19ce18c4: ;   {section_word}
  0x000076bf19ce18c4: 48ba c418 | ce19 bf76 

  0x000076bf19ce18cc: ;   {runtime_call handle_exception_nofpu Runtime1 stub}
  0x000076bf19ce18cc: 0000 e8ad | 0395 0690 | 488b b424 | a800 0000 | 498b 8700 | 0500 004d | 33d2 4d89 | 9700 0500 
  0x000076bf19ce18ec: 004d 33d2 | 4d89 9708 | 0500 0048 | 85f6 0f85 | 0800 0000 | 488b f0e9 | 2c00 0000 | 4889 8424 
  0x000076bf19ce190c: 1801 0000 | 0f1f 4400 | 0048 b8ff | ffff ffff 

  0x000076bf19ce191c: ;   {virtual_call}
  0x000076bf19ce191c: ffff ffe8 

  0x000076bf19ce1920: ; ImmutableOopMap {[136]=Oop [280]=Oop [288]=Oop [296]=Oop [456]=Oop }
                      ;*invokevirtual close {reexecute=0 rethrow=0 return_oop=0}
                      ; - org.eclipse.jdt.internal.core.index.DiskIndex::readCategoryTable@449 (line 728)
  0x000076bf19ce1920: 5c3a 8a06 

  0x000076bf19ce1924: ;   {other}
  0x000076bf19ce1924: 0f1f 8400 | 1413 001a | 488b b424 | 1801 0000 | 8bbc 2434 | 0100 008b | 9c24 3001 | 0000 488b 
  0x000076bf19ce1944: 8c24 2801 | 0000 4c8b | 8424 2001 | 0000 488b 

  0x000076bf19ce1954: ; ImmutableOopMap {rcx=Oop r8=Oop rsi=Oop rax=Oop [136]=Oop [456]=Oop }
                      ;*athrow {reexecute=1 rethrow=0 return_oop=0}
                      ; - (reexecute) org.eclipse.jdt.internal.core.index.DiskIndex::readCategoryTable@454 (line 728)
                      ;   {section_word}
  0x000076bf19ce1954: c648 ba55 | 19ce 19bf 

  0x000076bf19ce195c: ;   {runtime_call handle_exception_nofpu Runtime1 stub}
  0x000076bf19ce195c: 7600 00e8 | 1c03 9506 | 9049 8b87 | 0005 0000 | 4d33 d24d | 8997 0005 | 0000 4d33 | d24d 8997 
  0x000076bf19ce197c: 0805 0000 | 4d85 c90f | 8438 0000 | 004c 3bc8 | 0f84 3200 | 0000 493b | 0148 8bd0 | 498b f14c 
  0x000076bf19ce199c: 898c 2438 | 0100 000f 

  0x000076bf19ce19a4: ;   {optimized virtual_call}
  0x000076bf19ce19a4: 1f40 00e8 

  0x000076bf19ce19a8: ; ImmutableOopMap {[136]=Oop [312]=Oop [320]=Oop [328]=Oop [456]=Oop }
                      ;*invokevirtual addSuppressed {reexecute=0 rethrow=0 return_oop=0}
                      ; - org.eclipse.jdt.internal.core.index.DiskIndex::readCategoryTable@480 (line 728)
  0x000076bf19ce19a8: d436 8a06 

  0x000076bf19ce19ac: ;   {other}
  0x000076bf19ce19ac: 0f1f 8400 | 9c13 001c | 4c8b 8c24 | 3801 0000 | e903 0000 | 004c 8bc8 

  0x000076bf19ce19c4: ; implicit exception: dispatches to 0x000076bf19ce2181
  0x000076bf19ce19c4: 493b 0149 

  0x000076bf19ce19c8: ; ImmutableOopMap {rax=Oop [136]=Oop [320]=Oop [328]=Oop [456]=Oop }
                      ;*athrow {reexecute=1 rethrow=0 return_oop=0}
                      ; - (reexecute) org.eclipse.jdt.internal.core.index.DiskIndex::readCategoryTable@485 (line 728)
                      ;   {section_word}
  0x000076bf19ce19c8: 8bc1 48ba | ca19 ce19 | bf76 0000 

  0x000076bf19ce19d4: ;   {runtime_call handle_exception_nofpu Runtime1 stub}
  0x000076bf19ce19d4: e8a7 0295 | 0690 488b | b424 8800 | 0000 498b | 8700 0500 | 004d 33d2 | 4d89 9700 | 0500 004d 
  0x000076bf19ce19f4: 33d2 4d89 | 9708 0500 | 00c7 4650 | 0000 0000 | 488d 1648 | c1ea 0948 | bf00 f0ff | 14bf 7600 
  0x000076bf19ce1a14: 00c6 043a 

  0x000076bf19ce1a18: ; ImmutableOopMap {rsi=Oop rax=Oop [136]=Oop [320]=Oop [328]=Oop [456]=Oop }
                      ;*athrow {reexecute=1 rethrow=0 return_oop=0}
                      ; - (reexecute) org.eclipse.jdt.internal.core.index.DiskIndex::readCategoryTable@495 (line 730)
                      ;   {section_word}
  0x000076bf19ce1a18: 0048 ba19 | 1ace 19bf 

  0x000076bf19ce1a20: ;   {runtime_call handle_exception_nofpu Runtime1 stub}
  0x000076bf19ce1a20: 7600 00e8 | 5802 9506 | 9048 8bb4 | 2488 0000 | 0049 8b87 | 0005 0000 | 4d33 d24d | 8997 0005 
  0x000076bf19ce1a40: 0000 4d33 | d24d 8997 | 0805 0000 | 8b56 3448 | c1e2 0348 

  0x000076bf19ce1a54: ; ImmutableOopMap {rcx=Oop r8=Oop rsi=Oop rax=Oop [136]=Oop [456]=Oop }
                      ;*athrow {reexecute=1 rethrow=0 return_oop=0}
                      ; - (reexecute) org.eclipse.jdt.internal.core.index.DiskIndex::readCategoryTable@507 (line 733)
                      ;   {section_word}
  0x000076bf19ce1a54: 3b02 48ba | 561a ce19 | bf76 0000 

  0x000076bf19ce1a60: ;   {runtime_call handle_exception_nofpu Runtime1 stub}
  0x000076bf19ce1a60: e81b 0295 | 0690 498b | 8700 0500 | 004d 33d2 | 4d89 9700 | 0500 004d | 33d2 4d89 | 9708 0500 
  0x000076bf19ce1a80: 0048 8984 | 2458 0100 | 0066 0f1f 

  0x000076bf19ce1a8c: ;   {static_call}
  0x000076bf19ce1a8c: 4400 00e8 

  0x000076bf19ce1a90: ; ImmutableOopMap {[136]=Oop [344]=Oop [360]=Oop [368]=Oop [456]=Oop }
                      ;*invokestatic get {reexecute=0 rethrow=0 return_oop=0}
                      ; - org.eclipse.jdt.internal.core.index.DiskIndex::readCategoryTable@520 (line 735)
  0x000076bf19ce1a90: ec3b 8a06 

  0x000076bf19ce1a94: ;   {other}
  0x000076bf19ce1a94: 0f1f 8400 | 8414 0020 | 4889 8424 | 7801 0000 | 488b b424 | 8800 0000 | 8b7e 3448 | c1e7 0348 
  0x000076bf19ce1ab4: 85ff 0f85 | 0f00 0000 

  0x000076bf19ce1abc: ;   {oop("null"{0x0000000600045198})}
  0x000076bf19ce1abc: 48bf 9851 | 0400 0600 | 0000 e924 | 0000 008b | 7f10 48c1 | e703 488b | f748 b8ff | ffff ffff 
  0x000076bf19ce1adc: ;   {virtual_call}
  0x000076bf19ce1adc: ffff ffe8 

  0x000076bf19ce1ae0: ; ImmutableOopMap {[136]=Oop [344]=Oop [360]=Oop [368]=Oop [376]=Oop [456]=Oop }
                      ;*invokevirtual toString {reexecute=0 rethrow=0 return_oop=0}
                      ; - org.eclipse.jdt.internal.core.index.IndexLocation::toString@4 (line 153)
                      ; - java.lang.String::valueOf@11
                      ; - org.eclipse.jdt.internal.core.index.DiskIndex::readCategoryTable@527 (line 735)
  0x000076bf19ce1ae0: 9c38 8a06 

  0x000076bf19ce1ae4: ;   {other}
  0x000076bf19ce1ae4: 0f1f 8400 | d414 0021 | 488b f890 

  0x000076bf19ce1af0: ;   {no_reloc}
  0x000076bf19ce1af0: e9aa 0600 | 0090 9090 | 9090 488b 

  0x000076bf19ce1afc: ;   {static_call}
  0x000076bf19ce1afc: f766 90e8 

  0x000076bf19ce1b00: ; ImmutableOopMap {[136]=Oop [344]=Oop [360]=Oop [368]=Oop [376]=Oop [456]=Oop }
                      ;*invokedynamic {reexecute=0 rethrow=0 return_oop=0}
                      ; - org.eclipse.jdt.internal.core.index.DiskIndex::readCategoryTable@530 (line 735)
  0x000076bf19ce1b00: 7c3b 8a06 

  0x000076bf19ce1b04: ;   {other}
  0x000076bf19ce1b04: 0f1f 8400 | f414 0022 | 488b d048 | 8b8c 2458 | 0100 0048 | 8bb4 2478 | 0100 0066 | 0f1f 4400 
  0x000076bf19ce1b24: 0048 b8ff | ffff ffff 

  0x000076bf19ce1b2c: ;   {virtual_call}
  0x000076bf19ce1b2c: ffff ffe8 

  0x000076bf19ce1b30: ; ImmutableOopMap {[136]=Oop [360]=Oop [368]=Oop [456]=Oop }
                      ;*invokeinterface warn {reexecute=0 rethrow=0 return_oop=0}
                      ; - org.eclipse.jdt.internal.core.index.DiskIndex::readCategoryTable@537 (line 735)
  0x000076bf19ce1b30: 4c38 8a06 

  0x000076bf19ce1b34: ;   {other}
  0x000076bf19ce1b34: 0f1f 8400 | 2415 0023 | 488b b424 | 8800 0000 | 8b7e 3448 | c1e7 038b | 7f18 48c1 | e703 483b 
  0x000076bf19ce1b54: 0748 8bf7 | 0f1f 8000 

  0x000076bf19ce1b5c: ;   {optimized virtual_call}
  0x000076bf19ce1b5c: 0000 00e8 

  0x000076bf19ce1b60: ; ImmutableOopMap {[136]=Oop [360]=Oop [368]=Oop [456]=Oop }
                      ;*invokevirtual delete {reexecute=0 rethrow=0 return_oop=0}
                      ; - org.eclipse.jdt.internal.core.index.FileIndexLocation::delete@4 (line 57)
                      ; - org.eclipse.jdt.internal.core.index.DiskIndex::readCategoryTable@546 (line 738)
  0x000076bf19ce1b60: 1c35 8a06 

  0x000076bf19ce1b64: ;   {other}
  0x000076bf19ce1b64: 0f1f 8400 | 5415 0024 | 8b9c 2460 | 0100 008b | 8424 6401 | 0000 488b | 8c24 6801 | 0000 488b 
  0x000076bf19ce1b84: bc24 7001 | 0000 4885 | c90f 850d | 0000 0048 | 8bb4 2488 | 0000 00e9 | 8702 0000 | 85c0 0f8f 
  0x000076bf19ce1ba4: 0d00 0000 | 488b b424 | 8800 0000 | e972 0200 | 0089 9c24 | 8001 0000 | 8984 2484 | 0100 0048 
  0x000076bf19ce1bc4: 898c 2488 | 0100 0048 | 89bc 2490 | 0100 0048 | 8bb4 2488 | 0000 008b | 5634 48c1 | e203 488b 
  0x000076bf19ce1be4: f248 b8ff | ffff ffff 

  0x000076bf19ce1bec: ;   {virtual_call}
  0x000076bf19ce1bec: ffff ffe8 

  0x000076bf19ce1bf0: ; ImmutableOopMap {[136]=Oop [392]=Oop [400]=Oop [456]=Oop }
                      ;*invokevirtual getInputStream {reexecute=0 rethrow=0 return_oop=0}
                      ; - org.eclipse.jdt.internal.core.index.DiskIndex::readCategoryTable@570 (line 742)
  0x000076bf19ce1bf0: 8c37 8a06 

  0x000076bf19ce1bf4: ;   {other}
  0x000076bf19ce1bf4: 0f1f 8400 | e415 0025 | 4889 8424 | 9801 0000 | 8b9c 2480 | 0100 0048 | 63db 488b | d348 8bf0 
  0x000076bf19ce1c14: 9048 b8ff | ffff ffff 

  0x000076bf19ce1c1c: ;   {virtual_call}
  0x000076bf19ce1c1c: ffff ffe8 

  0x000076bf19ce1c20: ; ImmutableOopMap {[136]=Oop [392]=Oop [400]=Oop [408]=Oop [456]=Oop }
                      ;*invokevirtual skip {reexecute=0 rethrow=0 return_oop=0}
                      ; - org.eclipse.jdt.internal.core.index.DiskIndex::readCategoryTable@580 (line 743)
  0x000076bf19ce1c20: 5c37 8a06 

  0x000076bf19ce1c24: ;   {other}
  0x000076bf19ce1c24: 0f1f 8400 | 1416 0026 | 488b b424 | 8800 0000 | c746 2400 | 0000 008b | 5650 48c1 | e203 448b 
  0x000076bf19ce1c44: 420c b900 | 0000 0048 | 8bb4 2498 | 0100 0066 | 9048 b8ff | ffff ffff 

  0x000076bf19ce1c5c: ;   {virtual_call}
  0x000076bf19ce1c5c: ffff ffe8 

  0x000076bf19ce1c60: ; ImmutableOopMap {[136]=Oop [392]=Oop [400]=Oop [408]=Oop [456]=Oop }
                      ;*invokevirtual read {reexecute=0 rethrow=0 return_oop=0}
                      ; - org.eclipse.jdt.internal.core.index.DiskIndex::readCategoryTable@602 (line 745)
  0x000076bf19ce1c60: 1c37 8a06 

  0x000076bf19ce1c64: ;   {other}
  0x000076bf19ce1c64: 0f1f 8400 | 5416 0027 | 488b b424 | 8800 0000 | 8946 28bf | 0000 0000 | 488b 9c24 | 9801 0000 
  0x000076bf19ce1c84: 8b84 2484 | 0100 0048 | 8b8c 2488 | 0100 00e9 | c400 0000 | 8984 2484 | 0100 003b | 790c 0f83 
  0x000076bf19ce1ca4: 1a05 0000 | 4863 d744 | 8b4c 9110 | 49c1 e103 | 488b d34c | 8bde 498b | f348 898c | 2488 0100 
  0x000076bf19ce1cc4: 0089 bc24 | a801 0000 | 4c89 8c24 | a001 0000 

  0x000076bf19ce1cd4: ;   {optimized virtual_call}
  0x000076bf19ce1cd4: 6666 90e8 

  0x000076bf19ce1cd8: ; ImmutableOopMap {[136]=Oop [392]=Oop [400]=Oop [408]=Oop [416]=Oop [456]=Oop }
                      ;*invokevirtual readStreamInt {reexecute=0 rethrow=0 return_oop=0}
                      ; - org.eclipse.jdt.internal.core.index.DiskIndex::readCategoryTable@627 (line 747)
  0x000076bf19ce1cd8: a433 8a06 

  0x000076bf19ce1cdc: ;   {other}
  0x000076bf19ce1cdc: 0f1f 8400 | cc16 0028 | 488b 9424 | 9801 0000 | 488b c848 | 8bb4 2488 

  0x000076bf19ce1cf4: ;   {optimized virtual_call}
  0x000076bf19ce1cf4: 0000 00e8 

  0x000076bf19ce1cf8: ; ImmutableOopMap {[136]=Oop [392]=Oop [400]=Oop [408]=Oop [416]=Oop [456]=Oop }
                      ;*invokevirtual readStreamDocumentArray {reexecute=0 rethrow=0 return_oop=0}
                      ; - org.eclipse.jdt.internal.core.index.DiskIndex::readCategoryTable@630 (line 747)
  0x000076bf19ce1cf8: 8433 8a06 

  0x000076bf19ce1cfc: ;   {other}
  0x000076bf19ce1cfc: 0f1f 8400 | ec16 0029 | 488b bc24 | 9001 0000 

  0x000076bf19ce1d0c: ; implicit exception: dispatches to 0x000076bf19ce21d0
  0x000076bf19ce1d0c: 483b 0748 | 8b94 24a0 | 0100 0048 | 8bc8 488b | f748 89bc | 2490 0100 

  0x000076bf19ce1d24: ;   {optimized virtual_call}
  0x000076bf19ce1d24: 0066 90e8 

  0x000076bf19ce1d28: ; ImmutableOopMap {[136]=Oop [392]=Oop [400]=Oop [408]=Oop [456]=Oop }
                      ;*invokevirtual put {reexecute=0 rethrow=0 return_oop=0}
                      ; - org.eclipse.jdt.internal.core.index.DiskIndex::readCategoryTable@633 (line 747)
  0x000076bf19ce1d28: 5433 8a06 

  0x000076bf19ce1d2c: ;   {other}
  0x000076bf19ce1d2c: 0f1f 8400 | 1c17 002a | 8bbc 24a8 | 0100 00ff | c748 8b9c | 2498 0100 | 008b 8424 | 8401 0000 
  0x000076bf19ce1d4c: 488b 8c24 | 8801 0000 | 488b b424 | 8800 0000 | 3bf8 ba02 | 0000 007c | 05ba 0000 | 0000 49b9 
  0x000076bf19ce1d6c: 5857 3fb6 | be76 0000 | 458b 590c | 4403 da45 | 8959 0c85 | d275 0641 | bb02 0000 | 0041 81e3 
  0x000076bf19ce1d8c: fe7f 0000 | 4585 db0f | 843c 0400 | 004d 8b97 

  0x000076bf19ce1d9c: ; ImmutableOopMap {rsi=Oop rbx=Oop rcx=Oop [136]=Oop [400]=Oop [408]=Oop [456]=Oop }
                      ;*if_icmplt {reexecute=1 rethrow=0 return_oop=0}
                      ; - (reexecute) org.eclipse.jdt.internal.core.index.DiskIndex::readCategoryTable@644 (line 746)
  0x000076bf19ce1d9c: 5804 0000 

  0x000076bf19ce1da0: ;   {poll}
  0x000076bf19ce1da0: 4185 023b | f80f 8ced | feff ff48 | 8bf3 4885 | f60f 8456 | 0000 0066 | 0f1f 4400 | 0048 b8ff 
  0x000076bf19ce1dc0: ffff ffff 

  0x000076bf19ce1dc4: ;   {virtual_call}
  0x000076bf19ce1dc4: ffff ffe8 

  0x000076bf19ce1dc8: ; ImmutableOopMap {[136]=Oop [400]=Oop [456]=Oop }
                      ;*invokevirtual close {reexecute=0 rethrow=0 return_oop=0}
                      ; - org.eclipse.jdt.internal.core.index.DiskIndex::readCategoryTable@654 (line 749)
  0x000076bf19ce1dc8: b435 8a06 

  0x000076bf19ce1dcc: ;   {other}
  0x000076bf19ce1dcc: 0f1f 8400 | bc17 002c | e934 0000 | 0048 8bb4 | 2498 0100 | 0049 8b87 | 0005 0000 | 4d33 d24d 
  0x000076bf19ce1dec: 8997 0005 | 0000 4d33 | d24d 8997 | 0805 0000 | 4885 f60f | 8581 0000 | 0048 8bf0 | e9a7 0000 
  0x000076bf19ce1e0c: 0048 8bb4 | 2488 0000 | 008b 4634 | 48c1 e003 

  0x000076bf19ce1e1c: ; implicit exception: dispatches to 0x000076bf19ce21f6
  0x000076bf19ce1e1c: 483b 0048 | 8bbc 2490 | 0100 00c7 | 4650 0000 | 0000 488d | 0648 c1e8 | 0948 be00 | f0ff 14bf 
  0x000076bf19ce1e3c: 7600 00c6 | 0430 0048 | 8d84 24c0 | 0100 0048 | 8b30 4885 | f60f 840f | 0000 0048 | 8b58 08f0 
  0x000076bf19ce1e5c: 480f b133 | 0f85 9503 | 0000 49ff | 8f50 0500 | 0048 8bc7 | 4881 c4e0 | 0100 005d 

  0x000076bf19ce1e78: ;   {poll_return}
  0x000076bf19ce1e78: 493b a750 | 0400 000f | 878c 0300 | 00c3 4889 | 8424 b001 | 0000 0f1f | 8000 0000 | 0048 b8ff 
  0x000076bf19ce1e98: ffff ffff 

  0x000076bf19ce1e9c: ;   {virtual_call}
  0x000076bf19ce1e9c: ffff ffe8 

  0x000076bf19ce1ea0: ; ImmutableOopMap {[136]=Oop [432]=Oop [456]=Oop }
                      ;*invokevirtual close {reexecute=0 rethrow=0 return_oop=0}
                      ; - org.eclipse.jdt.internal.core.index.DiskIndex::readCategoryTable@669 (line 749)
  0x000076bf19ce1ea0: dc34 8a06 

  0x000076bf19ce1ea4: ;   {other}
  0x000076bf19ce1ea4: 0f1f 8400 | 9418 002d | 488b b424 | b001 0000 

  0x000076bf19ce1eb4: ; ImmutableOopMap {rsi=Oop rax=Oop [136]=Oop [456]=Oop }
                      ;*athrow {reexecute=1 rethrow=0 return_oop=0}
                      ; - (reexecute) org.eclipse.jdt.internal.core.index.DiskIndex::readCategoryTable@674 (line 749)
                      ;   {section_word}
  0x000076bf19ce1eb4: 488b c648 | bab7 1ece | 19bf 7600 

  0x000076bf19ce1ec0: ;   {runtime_call handle_exception_nofpu Runtime1 stub}
  0x000076bf19ce1ec0: 00e8 bafd | 9406 9049 | 8b87 0005 | 0000 4d33 | d24d 8997 | 0005 0000 | 4d33 d24d | 8997 0805 
  0x000076bf19ce1ee0: 0000 4885 | ff0f 8436 | 0000 0048 | 3bf8 0f84 | 3000 0000 

  0x000076bf19ce1ef4: ; implicit exception: dispatches to 0x000076bf19ce2227
  0x000076bf19ce1ef4: 483b 0748 | 8bd0 488b | f748 89bc | 24b8 0100 

  0x000076bf19ce1f04: ;   {optimized virtual_call}
  0x000076bf19ce1f04: 0066 90e8 

  0x000076bf19ce1f08: ; ImmutableOopMap {[136]=Oop [440]=Oop [456]=Oop }
                      ;*invokevirtual addSuppressed {reexecute=0 rethrow=0 return_oop=0}
                      ; - org.eclipse.jdt.internal.core.index.DiskIndex::readCategoryTable@700 (line 749)
  0x000076bf19ce1f08: 7431 8a06 

  0x000076bf19ce1f0c: ;   {other}
  0x000076bf19ce1f0c: 0f1f 8400 | fc18 002f | 488b bc24 | b801 0000 | e903 0000 | 0048 8bf8 

  0x000076bf19ce1f24: ; implicit exception: dispatches to 0x000076bf19ce222c
  0x000076bf19ce1f24: 483b 0748 

  0x000076bf19ce1f28: ; ImmutableOopMap {rax=Oop [136]=Oop [456]=Oop }
                      ;*athrow {reexecute=1 rethrow=0 return_oop=0}
                      ; - (reexecute) org.eclipse.jdt.internal.core.index.DiskIndex::readCategoryTable@705 (line 749)
                      ;   {section_word}
  0x000076bf19ce1f28: 8bc7 48ba | 2a1f ce19 | bf76 0000 

  0x000076bf19ce1f34: ;   {runtime_call handle_exception_nofpu Runtime1 stub}
  0x000076bf19ce1f34: e847 fd94 | 0690 488b | b424 8800 | 0000 498b | 8700 0500 | 004d 33d2 | 4d89 9700 | 0500 004d 
  0x000076bf19ce1f54: 33d2 4d89 | 9708 0500 | 00c7 4650 | 0000 0000 | 488d 1648 | c1ea 0948 | bf00 f0ff | 14bf 7600 
  0x000076bf19ce1f74: 00c6 043a 

  0x000076bf19ce1f78: ; ImmutableOopMap {rsi=Oop rax=Oop [136]=Oop [456]=Oop }
                      ;*athrow {reexecute=1 rethrow=0 return_oop=0}
                      ; - (reexecute) org.eclipse.jdt.internal.core.index.DiskIndex::readCategoryTable@715 (line 751)
                      ;   {section_word}
  0x000076bf19ce1f78: 0048 ba79 | 1fce 19bf 

  0x000076bf19ce1f80: ;   {runtime_call handle_exception_nofpu Runtime1 stub}
  0x000076bf19ce1f80: 7600 00e8 | f8fc 9406 | 9048 8bb4 | 2488 0000 | 0049 8b87 | 0005 0000 | 4d33 d24d | 8997 0005 
  0x000076bf19ce1fa0: 0000 4d33 | d24d 8997 | 0805 0000 | 8b76 3448 | c1e6 0348 | 3b06 e9bc | 0c00 0048 | 8974 2408 
  0x000076bf19ce1fc0: 4889 3c24 

  0x000076bf19ce1fc4: ;   {runtime_call monitorenter_nofpu Runtime1 stub}
  0x000076bf19ce1fc4: e8b7 1d95 

  0x000076bf19ce1fc8: ; ImmutableOopMap {rsi=Oop rdx=Oop [136]=Oop [144]=Oop [456]=Oop }
                      ;*synchronization entry
                      ; - org.eclipse.jdt.internal.core.index.DiskIndex::readCategoryTable@-1 (line 660)
  0x000076bf19ce1fc8: 06e9 c2eb 

  0x000076bf19ce1fcc: ;   {metadata({method} {0x000076beb634ae00} 'readCategoryTable' '([CZ)Lorg/eclipse/jdt/internal/compiler/util/HashtableOfObject;' in 'org/eclipse/jdt/internal/core/index/DiskIndex')}
  0x000076bf19ce1fcc: ffff 49ba | 00ae 34b6 | be76 0000 | 4c89 5424 | 0848 c704 | 24ff ffff 

  0x000076bf19ce1fe4: ;   {runtime_call counter_overflow Runtime1 stub}
  0x000076bf19ce1fe4: ffe8 963e 

  0x000076bf19ce1fe8: ; ImmutableOopMap {rsi=Oop rdx=Oop [136]=Oop [144]=Oop [456]=Oop }
                      ;*synchronization entry
                      ; - org.eclipse.jdt.internal.core.index.DiskIndex::readCategoryTable@-1 (line 660)
  0x000076bf19ce1fe8: 9506 e9c2 

  0x000076bf19ce1fec: ;   {runtime_call throw_null_pointer_exception Runtime1 stub}
  0x000076bf19ce1fec: ebff ffe8 

  0x000076bf19ce1ff0: ; ImmutableOopMap {rsi=Oop rdx=Oop rdi=Oop [136]=Oop [144]=Oop [456]=Oop }
                      ;*invokevirtual get {reexecute=0 rethrow=0 return_oop=0}
                      ; - org.eclipse.jdt.internal.core.index.DiskIndex::readCategoryTable@5 (line 660)
  0x000076bf19ce1ff0: 0cea 9406 

  0x000076bf19ce1ff4: ;   {runtime_call fast_new_instance Runtime1 stub}
  0x000076bf19ce1ff4: 488b d2e8 

  0x000076bf19ce1ff8: ; ImmutableOopMap {[136]=Oop [144]=Oop [456]=Oop }
                      ;*new {reexecute=0 rethrow=0 return_oop=0}
                      ; - org.eclipse.jdt.internal.core.index.DiskIndex::readCategoryTable@26 (line 666)
  0x000076bf19ce1ff8: 04f3 9406 | e951 ecff 

  0x000076bf19ce2000: ;   {runtime_call throw_null_pointer_exception Runtime1 stub}
  0x000076bf19ce2000: ffe8 fae9 

  0x000076bf19ce2004: ; ImmutableOopMap {rdi=Oop [136]=Oop [144]=Oop [456]=Oop }
                      ;*invokevirtual get {reexecute=0 rethrow=0 return_oop=0}
                      ; - org.eclipse.jdt.internal.core.index.DiskIndex::readCategoryTable@45 (line 668)
  0x000076bf19ce2004: 9406 4889 

  0x000076bf19ce2008: ;   {runtime_call throw_class_cast_exception Runtime1 stub}
  0x000076bf19ce2008: 0424 e871 

  0x000076bf19ce200c: ; ImmutableOopMap {[136]=Oop [144]=Oop [456]=Oop }
                      ;*checkcast {reexecute=0 rethrow=0 return_oop=0}
                      ; - org.eclipse.jdt.internal.core.index.DiskIndex::readCategoryTable@48 (line 668)
                      ;   {runtime_call new_type_array Runtime1 stub}
  0x000076bf19ce200c: 1195 06e8 

  0x000076bf19ce2010: ; ImmutableOopMap {r8=Oop [136]=Oop [144]=Oop [456]=Oop }
                      ;*newarray {reexecute=0 rethrow=0 return_oop=0}
                      ; - org.eclipse.jdt.internal.core.index.DiskIndex::readCategoryTable@134 (line 684)
  0x000076bf19ce2010: 6c02 9506 | e994 edff 

  0x000076bf19ce2018: ;   {runtime_call throw_null_pointer_exception Runtime1 stub}
  0x000076bf19ce2018: ffe8 e2e9 

  0x000076bf19ce201c: ; ImmutableOopMap {rsi=Oop rdx=Oop [136]=Oop [144]=Oop [168]=Oop [456]=Oop }
                      ;*arraylength {reexecute=0 rethrow=0 return_oop=0}
                      ; - org.eclipse.jdt.internal.core.index.DiskIndex::readCategoryTable@179 (line 689)
  0x000076bf19ce201c: 9406 488b 

  0x000076bf19ce2020: ;   {runtime_call fast_new_instance Runtime1 stub}
  0x000076bf19ce2020: d2e8 daf2 

  0x000076bf19ce2024: ; ImmutableOopMap {[136]=Oop [144]=Oop [168]=Oop [456]=Oop }
                      ;*new {reexecute=0 rethrow=0 return_oop=0}
                      ; - org.eclipse.jdt.internal.core.index.DiskIndex::readCategoryTable@194 (line 692)
  0x000076bf19ce2024: 9406 e9b7 

  0x000076bf19ce2028: ;   {metadata({method} {0x000076beb634ae00} 'readCategoryTable' '([CZ)Lorg/eclipse/jdt/internal/compiler/util/HashtableOfObject;' in 'org/eclipse/jdt/internal/core/index/DiskIndex')}
  0x000076bf19ce2028: eeff ff49 | ba00 ae34 | b6be 7600 | 004c 8954 | 2408 48c7 | 0424 8301 

  0x000076bf19ce2040: ;   {runtime_call counter_overflow Runtime1 stub}
  0x000076bf19ce2040: 0000 e839 

  0x000076bf19ce2044: ; ImmutableOopMap {rbx=Oop [136]=Oop [144]=Oop [168]=Oop [184]=Oop [200]=Oop [456]=Oop }
                      ;*if_icmplt {reexecute=1 rethrow=0 return_oop=0}
                      ; - (reexecute) org.eclipse.jdt.internal.core.index.DiskIndex::readCategoryTable@387 (line 701)
  0x000076bf19ce2044: 3e95 06e9 | 34ef ffff 

  0x000076bf19ce204c: ;   {runtime_call new_type_array Runtime1 stub}
  0x000076bf19ce204c: e82f 0295 

  0x000076bf19ce2050: ; ImmutableOopMap {[136]=Oop [144]=Oop [168]=Oop [184]=Oop [200]=Oop [208]=Oop [456]=Oop }
                      ;*newarray {reexecute=0 rethrow=0 return_oop=0}
                      ; - org.eclipse.jdt.internal.core.index.DiskIndex::readCategoryTable@286 (line 709)
  0x000076bf19ce2050: 06e9 28f0 

  0x000076bf19ce2054: ;   {runtime_call new_object_array Runtime1 stub}
  0x000076bf19ce2054: ffff e825 

  0x000076bf19ce2058: ; ImmutableOopMap {r9=Oop [136]=Oop [144]=Oop [168]=Oop [184]=Oop [208]=Oop [456]=Oop }
                      ;*anewarray {reexecute=0 rethrow=0 return_oop=0}
                      ; - org.eclipse.jdt.internal.core.index.DiskIndex::readCategoryTable@344 (line 716)
  0x000076bf19ce2058: 0895 06e9 | baf1 ffff 

  0x000076bf19ce2060: ;   {runtime_call throw_null_pointer_exception Runtime1 stub}
  0x000076bf19ce2060: e89b e994 

  0x000076bf19ce2064: ; ImmutableOopMap {r9=Oop r13=Oop [136]=Oop [144]=Oop [168]=Oop [184]=Oop [456]=Oop }
                      ;*aastore {reexecute=1 rethrow=0 return_oop=0}
                      ; - (reexecute) org.eclipse.jdt.internal.core.index.DiskIndex::readCategoryTable@367 (line 719)
                      ;   {runtime_call throw_null_pointer_exception Runtime1 stub}
  0x000076bf19ce2064: 06e8 96e9 

  0x000076bf19ce2068: ; ImmutableOopMap {r9=Oop r13=Oop [136]=Oop [144]=Oop [168]=Oop [184]=Oop [456]=Oop }
                      ;*aastore {reexecute=1 rethrow=0 return_oop=0}
                      ; - (reexecute) org.eclipse.jdt.internal.core.index.DiskIndex::readCategoryTable@367 (line 719)
  0x000076bf19ce2068: 9406 4889 | 0424 4c89 

  0x000076bf19ce2070: ;   {runtime_call throw_range_check_failed Runtime1 stub}
  0x000076bf19ce2070: 4c24 08e8 

  0x000076bf19ce2074: ; ImmutableOopMap {r9=Oop r13=Oop [136]=Oop [144]=Oop [168]=Oop [184]=Oop [456]=Oop }
                      ;*aastore {reexecute=1 rethrow=0 return_oop=0}
                      ; - (reexecute) org.eclipse.jdt.internal.core.index.DiskIndex::readCategoryTable@367 (line 719)
  0x000076bf19ce2074: 88e0 9406 

  0x000076bf19ce2078: ;   {runtime_call throw_null_pointer_exception Runtime1 stub}
  0x000076bf19ce2078: e883 e994 

  0x000076bf19ce207c: ; ImmutableOopMap {r9=Oop r13=Oop [136]=Oop [144]=Oop [168]=Oop [184]=Oop [456]=Oop }
                      ;*aastore {reexecute=1 rethrow=0 return_oop=0}
                      ; - (reexecute) org.eclipse.jdt.internal.core.index.DiskIndex::readCategoryTable@367 (line 719)
  0x000076bf19ce207c: 064c 892c 

  0x000076bf19ce2080: ;   {runtime_call throw_array_store_exception Runtime1 stub}
  0x000076bf19ce2080: 24e8 fa0d 

  0x000076bf19ce2084: ; ImmutableOopMap {r9=Oop r13=Oop [136]=Oop [144]=Oop [168]=Oop [184]=Oop [456]=Oop }
                      ;*aastore {reexecute=1 rethrow=0 return_oop=0}
                      ; - (reexecute) org.eclipse.jdt.internal.core.index.DiskIndex::readCategoryTable@367 (line 719)
  0x000076bf19ce2084: 9506 488b 

  0x000076bf19ce2088: ;   {runtime_call fast_new_instance Runtime1 stub}
  0x000076bf19ce2088: d2e8 72f2 

  0x000076bf19ce208c: ; ImmutableOopMap {r13=Oop r9=Oop [136]=Oop [144]=Oop [168]=Oop [184]=Oop [456]=Oop }
                      ;*new {reexecute=0 rethrow=0 return_oop=0}
                      ; - java.lang.Integer::valueOf@23
                      ; - org.eclipse.jdt.internal.core.index.DiskIndex::readCategoryTable@374 (line 721)
  0x000076bf19ce208c: 9406 e9b2 

  0x000076bf19ce2090: ;   {runtime_call throw_null_pointer_exception Runtime1 stub}
  0x000076bf19ce2090: f2ff ffe8 

  0x000076bf19ce2094: ; ImmutableOopMap {r13=Oop r9=Oop [136]=Oop [144]=Oop [168]=Oop [184]=Oop [456]=Oop }
                      ;*aaload {reexecute=0 rethrow=0 return_oop=0}
                      ; - java.lang.Integer::valueOf@21
                      ; - org.eclipse.jdt.internal.core.index.DiskIndex::readCategoryTable@374 (line 721)
  0x000076bf19ce2094: 68e9 9406 

  0x000076bf19ce2098: ;   {runtime_call throw_null_pointer_exception Runtime1 stub}
  0x000076bf19ce2098: e863 e994 

  0x000076bf19ce209c: ; ImmutableOopMap {rax=Oop r9=Oop [136]=Oop [144]=Oop [168]=Oop [184]=Oop [200]=Oop [456]=Oop }
                      ;*invokevirtual put {reexecute=0 rethrow=0 return_oop=0}
                      ; - org.eclipse.jdt.internal.core.index.DiskIndex::readCategoryTable@403 (line 724)
                      ;   {runtime_call throw_null_pointer_exception Runtime1 stub}
  0x000076bf19ce209c: 06e8 5ee9 

  0x000076bf19ce20a0: ; ImmutableOopMap {rdx=Oop rsi=Oop rcx=Oop [136]=Oop [184]=Oop [456]=Oop }
                      ;*invokevirtual close {reexecute=0 rethrow=0 return_oop=0}
                      ; - org.eclipse.jdt.internal.core.index.DiskIndex::readCategoryTable@512 (line 732)
                      ;   {runtime_call throw_null_pointer_exception Runtime1 stub}
  0x000076bf19ce20a0: 9406 e859 

  0x000076bf19ce20a4: ; ImmutableOopMap {rdi=Oop rsi=Oop [136]=Oop [256]=Oop [456]=Oop }
                      ;*getfield valueTable {reexecute=1 rethrow=0 return_oop=0}
                      ; - (reexecute) org.eclipse.jdt.internal.core.index.DiskIndex::readCategoryTable@64 (line 671)
                      ;   {runtime_call throw_null_pointer_exception Runtime1 stub}
  0x000076bf19ce20a4: e994 06e8 

  0x000076bf19ce20a8: ; ImmutableOopMap {rdi=Oop rsi=Oop rbx=Oop [136]=Oop [240]=Oop [256]=Oop [456]=Oop }
                      ;*arraylength {reexecute=0 rethrow=0 return_oop=0}
                      ; - org.eclipse.jdt.internal.core.index.DiskIndex::readCategoryTable@74 (line 672)
  0x000076bf19ce20a8: 54e9 9406 

  0x000076bf19ce20ac: ;   {runtime_call throw_null_pointer_exception Runtime1 stub}
  0x000076bf19ce20ac: e84f e994 

  0x000076bf19ce20b0: ; ImmutableOopMap {rax=Oop rbx=Oop [136]=Oop [240]=Oop [256]=Oop [456]=Oop }
                      ;*aastore {reexecute=1 rethrow=0 return_oop=0}
                      ; - (reexecute) org.eclipse.jdt.internal.core.index.DiskIndex::readCategoryTable@104 (line 674)
  0x000076bf19ce20b0: 0648 8904 

  0x000076bf19ce20b4: ;   {runtime_call throw_array_store_exception Runtime1 stub}
  0x000076bf19ce20b4: 24e8 c60d 

  0x000076bf19ce20b8: ; ImmutableOopMap {rax=Oop rbx=Oop [136]=Oop [240]=Oop [256]=Oop [456]=Oop }
                      ;*aastore {reexecute=1 rethrow=0 return_oop=0}
                      ; - (reexecute) org.eclipse.jdt.internal.core.index.DiskIndex::readCategoryTable@104 (line 674)
                      ;   {metadata({method} {0x000076beb634ae00} 'readCategoryTable' '([CZ)Lorg/eclipse/jdt/internal/compiler/util/HashtableOfObject;' in 'org/eclipse/jdt/internal/core/index/DiskIndex')}
  0x000076bf19ce20b8: 9506 49ba | 00ae 34b6 | be76 0000 | 4c89 5424 | 0848 c704 | 2470 0000 

  0x000076bf19ce20d0: ;   {runtime_call counter_overflow Runtime1 stub}
  0x000076bf19ce20d0: 00e8 aa3d 

  0x000076bf19ce20d4: ; ImmutableOopMap {rsi=Oop rbx=Oop [136]=Oop [240]=Oop [256]=Oop [456]=Oop }
                      ;*if_icmplt {reexecute=1 rethrow=0 return_oop=0}
                      ; - (reexecute) org.eclipse.jdt.internal.core.index.DiskIndex::readCategoryTable@112 (line 672)
  0x000076bf19ce20d4: 9506 e9d5 | f5ff ff48 | 8d84 24c0 | 0100 0048 

  0x000076bf19ce20e4: ;   {runtime_call monitorexit_nofpu Runtime1 stub}
  0x000076bf19ce20e4: 8904 24e8 | 9422 9506 | e950 f6ff 

  0x000076bf19ce20f0: ;   {internal_word}
  0x000076bf19ce20f0: ff49 ba4c | 17ce 19bf | 7600 004d | 8997 6804 

  0x000076bf19ce2100: ;   {runtime_call SafepointBlob}
  0x000076bf19ce2100: 0000 e979 | 8e8a 0648 | 8d84 24c0 | 0100 0048 

  0x000076bf19ce2110: ;   {runtime_call monitorexit_nofpu Runtime1 stub}
  0x000076bf19ce2110: 8904 24e8 | 6822 9506 | e967 f6ff 

  0x000076bf19ce211c: ;   {internal_word}
  0x000076bf19ce211c: ff49 ba96 | 17ce 19bf | 7600 004d | 8997 6804 

  0x000076bf19ce212c: ;   {runtime_call SafepointBlob}
  0x000076bf19ce212c: 0000 e94d 

  0x000076bf19ce2130: ;   {runtime_call throw_null_pointer_exception Runtime1 stub}
  0x000076bf19ce2130: 8e8a 06e8 

  0x000076bf19ce2134: ; ImmutableOopMap {[136]=Oop [168]=Oop [264]=Oop [456]=Oop }
                      ;*invokevirtual toString {reexecute=0 rethrow=0 return_oop=0}
                      ; - java.lang.String::valueOf@11
                      ; - org.eclipse.jdt.internal.core.index.DiskIndex::readCategoryTable@214 (line 694)
  0x000076bf19ce2134: c8e8 9406 | 49b8 0000 | 0000 0000 | 0000 b800 

  0x000076bf19ce2144: ;   {runtime_call load_appendix_patching Runtime1 stub}
  0x000076bf19ce2144: 0f05 0ae8 

  0x000076bf19ce2148: ; ImmutableOopMap {rdi=Oop [136]=Oop [168]=Oop [264]=Oop [456]=Oop }
                      ;*invokedynamic {reexecute=1 rethrow=0 return_oop=0}
                      ; - (reexecute) org.eclipse.jdt.internal.core.index.DiskIndex::readCategoryTable@220 (line 694)
  0x000076bf19ce2148: b435 9506 | e997 f6ff 

  0x000076bf19ce2150: ;   {metadata(nullptr)}
  0x000076bf19ce2150: ff48 ba00 | 0000 0000 | 0000 00b8 | 000f 050a 

  0x000076bf19ce2160: ;   {runtime_call load_klass_patching Runtime1 stub}
  0x000076bf19ce2160: e89b 2c95 

  0x000076bf19ce2164: ; ImmutableOopMap {rbx=Oop [136]=Oop [168]=Oop [264]=Oop [456]=Oop }
                      ;*new {reexecute=1 rethrow=0 return_oop=0}
                      ; - (reexecute) org.eclipse.jdt.internal.core.index.DiskIndex::readCategoryTable@227 (line 696)
  0x000076bf19ce2164: 06e9 a6f6 

  0x000076bf19ce2168: ;   {runtime_call throw_null_pointer_exception Runtime1 stub}
  0x000076bf19ce2168: ffff e891 

  0x000076bf19ce216c: ; ImmutableOopMap {rbx=Oop [136]=Oop [168]=Oop [264]=Oop [456]=Oop }
                      ;*new {reexecute=0 rethrow=0 return_oop=0}
                      ; - org.eclipse.jdt.internal.core.index.DiskIndex::readCategoryTable@227 (line 696)
  0x000076bf19ce216c: e894 0648 

  0x000076bf19ce2170: ;   {runtime_call fast_new_instance_init_check Runtime1 stub}
  0x000076bf19ce2170: 8bd2 e889 

  0x000076bf19ce2174: ; ImmutableOopMap {rbx=Oop [136]=Oop [168]=Oop [264]=Oop [456]=Oop }
                      ;*new {reexecute=0 rethrow=0 return_oop=0}
                      ; - org.eclipse.jdt.internal.core.index.DiskIndex::readCategoryTable@227 (line 696)
  0x000076bf19ce2174: f494 06e9 | f9f6 ffff 

  0x000076bf19ce217c: ;   {runtime_call throw_null_pointer_exception Runtime1 stub}
  0x000076bf19ce217c: e87f e894 

  0x000076bf19ce2180: ; ImmutableOopMap {r9=Oop rax=Oop [136]=Oop [320]=Oop [328]=Oop [456]=Oop }
                      ;*invokevirtual addSuppressed {reexecute=0 rethrow=0 return_oop=0}
                      ; - org.eclipse.jdt.internal.core.index.DiskIndex::readCategoryTable@480 (line 728)
                      ;   {runtime_call throw_null_pointer_exception Runtime1 stub}
  0x000076bf19ce2180: 06e8 7ae8 

  0x000076bf19ce2184: ; ImmutableOopMap {r9=Oop [136]=Oop [320]=Oop [328]=Oop [456]=Oop }
                      ;*athrow {reexecute=1 rethrow=0 return_oop=0}
                      ; - (reexecute) org.eclipse.jdt.internal.core.index.DiskIndex::readCategoryTable@485 (line 728)
                      ;   {runtime_call throw_null_pointer_exception Runtime1 stub}
  0x000076bf19ce2184: 9406 e875 

  0x000076bf19ce2188: ; ImmutableOopMap {rcx=Oop r8=Oop rsi=Oop rax=Oop [136]=Oop [456]=Oop }
                      ;*invokevirtual close {reexecute=0 rethrow=0 return_oop=0}
                      ; - org.eclipse.jdt.internal.core.index.DiskIndex::readCategoryTable@502 (line 732)
                      ;   {runtime_call throw_null_pointer_exception Runtime1 stub}
  0x000076bf19ce2188: e894 06e8 

  0x000076bf19ce218c: ; ImmutableOopMap {[136]=Oop [344]=Oop [360]=Oop [368]=Oop [376]=Oop [456]=Oop }
                      ;*invokevirtual toString {reexecute=0 rethrow=0 return_oop=0}
                      ; - java.lang.String::valueOf@11
                      ; - org.eclipse.jdt.internal.core.index.DiskIndex::readCategoryTable@527 (line 735)
  0x000076bf19ce218c: 70e8 9406 | 48ba 0000 | 0000 0000 | 0000 b800 

  0x000076bf19ce219c: ;   {runtime_call load_appendix_patching Runtime1 stub}
  0x000076bf19ce219c: 0f05 0ae8 

  0x000076bf19ce21a0: ; ImmutableOopMap {rdi=Oop [136]=Oop [344]=Oop [360]=Oop [368]=Oop [376]=Oop [456]=Oop }
                      ;*invokedynamic {reexecute=1 rethrow=0 return_oop=0}
                      ; - (reexecute) org.eclipse.jdt.internal.core.index.DiskIndex::readCategoryTable@530 (line 735)
  0x000076bf19ce21a0: 5c35 9506 | e947 f9ff 

  0x000076bf19ce21a8: ;   {runtime_call throw_null_pointer_exception Runtime1 stub}
  0x000076bf19ce21a8: ffe8 52e8 

  0x000076bf19ce21ac: ; ImmutableOopMap {rsi=Oop [136]=Oop [360]=Oop [368]=Oop [456]=Oop }
                      ;*invokevirtual delete {reexecute=0 rethrow=0 return_oop=0}
                      ; - org.eclipse.jdt.internal.core.index.DiskIndex::readCategoryTable@546 (line 738)
                      ;   {runtime_call throw_null_pointer_exception Runtime1 stub}
  0x000076bf19ce21ac: 9406 e84d 

  0x000076bf19ce21b0: ; ImmutableOopMap {rsi=Oop rdi=Oop [136]=Oop [360]=Oop [368]=Oop [456]=Oop }
                      ;*invokevirtual delete {reexecute=0 rethrow=0 return_oop=0}
                      ; - org.eclipse.jdt.internal.core.index.FileIndexLocation::delete@4 (line 57)
                      ; - org.eclipse.jdt.internal.core.index.DiskIndex::readCategoryTable@546 (line 738)
                      ;   {runtime_call throw_null_pointer_exception Runtime1 stub}
  0x000076bf19ce21b0: e894 06e8 

  0x000076bf19ce21b4: ; ImmutableOopMap {rsi=Oop rdx=Oop [136]=Oop [392]=Oop [400]=Oop [408]=Oop [456]=Oop }
                      ;*arraylength {reexecute=0 rethrow=0 return_oop=0}
                      ; - org.eclipse.jdt.internal.core.index.DiskIndex::readCategoryTable@601 (line 745)
  0x000076bf19ce21b4: 48e8 9406 

  0x000076bf19ce21b8: ;   {runtime_call throw_null_pointer_exception Runtime1 stub}
  0x000076bf19ce21b8: e843 e894 

  0x000076bf19ce21bc: ; ImmutableOopMap {rsi=Oop rbx=Oop rcx=Oop [136]=Oop [400]=Oop [408]=Oop [456]=Oop }
                      ;*aaload {reexecute=0 rethrow=0 return_oop=0}
                      ; - org.eclipse.jdt.internal.core.index.DiskIndex::readCategoryTable@620 (line 747)
                      ;   {runtime_call throw_null_pointer_exception Runtime1 stub}
  0x000076bf19ce21bc: 06e8 3ee8 

  0x000076bf19ce21c0: ; ImmutableOopMap {rsi=Oop rbx=Oop rcx=Oop [136]=Oop [400]=Oop [408]=Oop [456]=Oop }
                      ;*aaload {reexecute=0 rethrow=0 return_oop=0}
                      ; - org.eclipse.jdt.internal.core.index.DiskIndex::readCategoryTable@620 (line 747)
  0x000076bf19ce21c0: 9406 4889 | 3c24 4889 

  0x000076bf19ce21c8: ;   {runtime_call throw_range_check_failed Runtime1 stub}
  0x000076bf19ce21c8: 4c24 08e8 

  0x000076bf19ce21cc: ; ImmutableOopMap {rsi=Oop rbx=Oop rcx=Oop [136]=Oop [400]=Oop [408]=Oop [456]=Oop }
                      ;*aaload {reexecute=0 rethrow=0 return_oop=0}
                      ; - org.eclipse.jdt.internal.core.index.DiskIndex::readCategoryTable@620 (line 747)
  0x000076bf19ce21cc: 30df 9406 

  0x000076bf19ce21d0: ;   {runtime_call throw_null_pointer_exception Runtime1 stub}
  0x000076bf19ce21d0: e82b e894 

  0x000076bf19ce21d4: ; ImmutableOopMap {rax=Oop rdi=Oop [136]=Oop [392]=Oop [408]=Oop [416]=Oop [456]=Oop }
                      ;*invokevirtual put {reexecute=0 rethrow=0 return_oop=0}
                      ; - org.eclipse.jdt.internal.core.index.DiskIndex::readCategoryTable@633 (line 747)
                      ;   {metadata({method} {0x000076beb634ae00} 'readCategoryTable' '([CZ)Lorg/eclipse/jdt/internal/compiler/util/HashtableOfObject;' in 'org/eclipse/jdt/internal/core/index/DiskIndex')}
  0x000076bf19ce21d4: 0649 ba00 | ae34 b6be | 7600 004c | 8954 2408 | 48c7 0424 | 8402 0000 

  0x000076bf19ce21ec: ;   {runtime_call counter_overflow Runtime1 stub}
  0x000076bf19ce21ec: e88f 3c95 

  0x000076bf19ce21f0: ; ImmutableOopMap {rsi=Oop rbx=Oop rcx=Oop [136]=Oop [400]=Oop [408]=Oop [456]=Oop }
                      ;*if_icmplt {reexecute=1 rethrow=0 return_oop=0}
                      ; - (reexecute) org.eclipse.jdt.internal.core.index.DiskIndex::readCategoryTable@644 (line 746)
  0x000076bf19ce21f0: 06e9 a3fb 

  0x000076bf19ce21f4: ;   {runtime_call throw_null_pointer_exception Runtime1 stub}
  0x000076bf19ce21f4: ffff e805 

  0x000076bf19ce21f8: ; ImmutableOopMap {rsi=Oop [136]=Oop [400]=Oop [456]=Oop }
                      ;*invokevirtual close {reexecute=0 rethrow=0 return_oop=0}
                      ; - org.eclipse.jdt.internal.core.index.DiskIndex::readCategoryTable@732 (line 753)
  0x000076bf19ce21f8: e894 0648 | 8d84 24c0 | 0100 0048 

  0x000076bf19ce2204: ;   {runtime_call monitorexit_nofpu Runtime1 stub}
  0x000076bf19ce2204: 8904 24e8 | 7421 9506 | e95c fcff 

  0x000076bf19ce2210: ;   {internal_word}
  0x000076bf19ce2210: ff49 ba78 | 1ece 19bf | 7600 004d | 8997 6804 

  0x000076bf19ce2220: ;   {runtime_call SafepointBlob}
  0x000076bf19ce2220: 0000 e959 

  0x000076bf19ce2224: ;   {runtime_call throw_null_pointer_exception Runtime1 stub}
  0x000076bf19ce2224: 8d8a 06e8 

  0x000076bf19ce2228: ; ImmutableOopMap {rdi=Oop rax=Oop [136]=Oop [456]=Oop }
                      ;*invokevirtual addSuppressed {reexecute=0 rethrow=0 return_oop=0}
                      ; - org.eclipse.jdt.internal.core.index.DiskIndex::readCategoryTable@700 (line 749)
  0x000076bf19ce2228: d4e7 9406 

  0x000076bf19ce222c: ;   {runtime_call throw_null_pointer_exception Runtime1 stub}
  0x000076bf19ce222c: e8cf e794 

  0x000076bf19ce2230: ; ImmutableOopMap {rdi=Oop [136]=Oop [456]=Oop }
                      ;*athrow {reexecute=1 rethrow=0 return_oop=0}
                      ; - (reexecute) org.eclipse.jdt.internal.core.index.DiskIndex::readCategoryTable@705 (line 749)
                      ;   {runtime_call throw_null_pointer_exception Runtime1 stub}
  0x000076bf19ce2230: 06e8 cae7 

  0x000076bf19ce2234: ; ImmutableOopMap {rax=Oop [456]=Oop }
                      ;*invokevirtual close {reexecute=0 rethrow=0 return_oop=0}
                      ; - org.eclipse.jdt.internal.core.index.DiskIndex::readCategoryTable@722 (line 753)
                      ;   {oop(nullptr)}
  0x000076bf19ce2234: 9406 49b9 | 0000 0000 | 0000 0000 | c784 2454 | 0100 00ff | ffff ffc7 | 8424 5001 | 0000 0000 
  0x000076bf19ce2254: ;   {oop(nullptr)}
  0x000076bf19ce2254: 0000 49ba | 0000 0000 | 0000 0000 | 4c89 9424 | 4801 0000 

  0x000076bf19ce2268: ;   {oop(nullptr)}
  0x000076bf19ce2268: 49ba 0000 | 0000 0000 | 0000 4c89 | 9424 4001 | 0000 e9e6 | f6ff ffc7 | 8424 3401 | 0000 ffff 
  0x000076bf19ce2288: ffff c784 | 2430 0100 | 0000 0000 

  0x000076bf19ce2294: ;   {oop(nullptr)}
  0x000076bf19ce2294: 0049 ba00 | 0000 0000 | 0000 004c | 8994 2428 

  0x000076bf19ce22a4: ;   {oop(nullptr)}
  0x000076bf19ce22a4: 0100 0049 | ba00 0000 | 0000 0000 | 004c 8994 | 2420 0100 | 00e9 16f6 | ffff c784 | 2434 0100 
  0x000076bf19ce22c4: 00ff ffff | ffc7 8424 | 3001 0000 | 0000 0000 

  0x000076bf19ce22d4: ;   {oop(nullptr)}
  0x000076bf19ce22d4: 49ba 0000 | 0000 0000 | 0000 4c89 | 9424 2801 

  0x000076bf19ce22e4: ;   {oop(nullptr)}
  0x000076bf19ce22e4: 0000 49ba | 0000 0000 | 0000 0000 | 4c89 9424 | 2001 0000 | e9d7 f5ff | ffc7 8424 | 3401 0000 
  0x000076bf19ce2304: ffff ffff | c784 2430 | 0100 0000 

  0x000076bf19ce2310: ;   {oop(nullptr)}
  0x000076bf19ce2310: 0000 0049 | ba00 0000 | 0000 0000 | 004c 8994 | 2428 0100 

  0x000076bf19ce2324: ;   {oop(nullptr)}
  0x000076bf19ce2324: 0049 ba00 | 0000 0000 | 0000 004c | 8994 2420 | 0100 00e9 | 98f5 ffff | c784 2434 | 0100 00ff 
  0x000076bf19ce2344: ffff ffc7 | 8424 3001 | 0000 0000 

  0x000076bf19ce2350: ;   {oop(nullptr)}
  0x000076bf19ce2350: 0000 49ba | 0000 0000 | 0000 0000 | 4c89 9424 | 2801 0000 

  0x000076bf19ce2364: ;   {oop(nullptr)}
  0x000076bf19ce2364: 49ba 0000 | 0000 0000 | 0000 4c89 | 9424 2001 | 0000 e959 | f5ff ff44 | 8b94 24b4 | 0000 0044 
  0x000076bf19ce2384: 8994 2434 | 0100 0044 | 8b94 24c0 | 0000 0044 | 8994 2430 | 0100 0048 | ffb4 24c8 | 0000 0048 
  0x000076bf19ce23a4: 8f84 2428 | 0100 0048 | ffb4 24b8 | 0000 0048 | 8f84 2420 | 0100 00e9 | 14f5 ffff | 448b 9424 
  0x000076bf19ce23c4: b400 0000 | 4489 9424 | 3401 0000 | 448b 9424 | c000 0000 | 4489 9424 | 3001 0000 | 48ff b424 
  0x000076bf19ce23e4: c800 0000 | 488f 8424 | 2801 0000 | 48ff b424 | b800 0000 | 488f 8424 | 2001 0000 | e9cf f4ff 
  0x000076bf19ce2404: ff44 8b94 | 24b4 0000 | 0044 8994 | 2434 0100 | 0044 8b94 | 24c0 0000 | 0044 8994 | 2430 0100 
  0x000076bf19ce2424: 0048 ffb4 | 24c8 0000 | 0048 8f84 | 2428 0100 | 0048 ffb4 | 24b8 0000 | 0048 8f84 | 2420 0100 
  0x000076bf19ce2444: 00e9 8af4 | ffff 448b | 9424 b400 | 0000 4489 | 9424 3401 | 0000 448b | 9424 c000 

  0x000076bf19ce2460: ;   {no_reloc}
  0x000076bf19ce2460: 0000 4489 | 9424 3001 | 0000 48ff | b424 c800 | 0000 488f | 8424 2801 | 0000 48ff | b424 b800 
  0x000076bf19ce2480: 0000 488f | 8424 2001 | 0000 e945 | f4ff ff44 | 8b94 24b4 | 0000 0044 | 8994 2434 | 0100 0044 
  0x000076bf19ce24a0: 8b94 24c0 | 0000 0044 | 8994 2430 | 0100 0048 | ffb4 24c8 | 0000 0048 | 8f84 2428 | 0100 0048 
  0x000076bf19ce24c0: ffb4 24b8 | 0000 0048 | 8f84 2420 | 0100 00e9 | 00f4 ffff | 448b 9424 | b400 0000 | 4489 9424 
  0x000076bf19ce24e0: 3401 0000 | 448b 9424 | c000 0000 | 4489 9424 | 3001 0000 | 48ff b424 | c800 0000 | 488f 8424 
  0x000076bf19ce2500: 2801 0000 | 48ff b424 | b800 0000 | 488f 8424 | 2001 0000 | e9bb f3ff | ff44 8b94 | 24d8 0000 
  0x000076bf19ce2520: 0044 8994 | 2434 0100 | 0044 8b94 | 24dc 0000 | 0044 8994 | 2430 0100 | 0048 ffb4 | 24e0 0000 
  0x000076bf19ce2540: 0048 8f84 | 2428 0100 | 0048 ffb4 | 24b8 0000 | 0048 8f84 | 2420 0100 | 00e9 76f3 | ffff 448b 
  0x000076bf19ce2560: ;   {no_reloc}
  0x000076bf19ce2560: 9424 b400 | 0000 4489 | 9424 3401 | 0000 448b | 9424 c000 | 0000 4489 | 9424 3001 | 0000 48ff 
  0x000076bf19ce2580: b424 c800 | 0000 488f | 8424 2801 | 0000 48ff | b424 b800 | 0000 488f | 8424 2001 | 0000 e931 
  0x000076bf19ce25a0: f3ff ff44 | 8b94 24b4 | 0000 0044 | 8994 2434 | 0100 0044 | 8b94 24c0 | 0000 0044 | 8994 2430 
  0x000076bf19ce25c0: 0100 0048 | ffb4 24c8 | 0000 0048 | 8f84 2428 | 0100 0048 | ffb4 24b8 | 0000 0048 | 8f84 2420 
  0x000076bf19ce25e0: 0100 00e9 | ecf2 ffff 

  0x000076bf19ce25e8: ;   {oop(nullptr)}
  0x000076bf19ce25e8: 49b9 0000 | 0000 0000 | 0000 448b | 9424 b400 | 0000 4489 | 9424 5401 | 0000 448b | 9424 c000 
  0x000076bf19ce2608: 0000 4489 | 9424 5001 | 0000 48ff | b424 c800 | 0000 488f | 8424 4801 | 0000 48ff | b424 b800 
  0x000076bf19ce2628: 0000 488f | 8424 4001 | 0000 e92e | f3ff ffc7 | 8424 3401 | 0000 ffff | ffff c784 | 2430 0100 
  0x000076bf19ce2648: 0000 0000 

  0x000076bf19ce264c: ;   {oop(nullptr)}
  0x000076bf19ce264c: 0049 ba00 | 0000 0000 | 0000 004c | 8994 2428 

  0x000076bf19ce265c: ;   {oop(nullptr)}
  0x000076bf19ce265c: 0100 0049 | ba00 0000 | 0000 0000 | 004c 8994 | 2420 0100 | 00e9 5ef2 | ffff c784 | 2434 0100 
  0x000076bf19ce267c: 00ff ffff | ffc7 8424 | 3001 0000 | 0000 0000 

  0x000076bf19ce268c: ;   {oop(nullptr)}
  0x000076bf19ce268c: 49ba 0000 | 0000 0000 | 0000 4c89 | 9424 2801 

  0x000076bf19ce269c: ;   {oop(nullptr)}
  0x000076bf19ce269c: 0000 49ba | 0000 0000 | 0000 0000 | 4c89 9424 | 2001 0000 | e91f f2ff | ffc7 8424 | 3401 0000 
  0x000076bf19ce26bc: ffff ffff | c784 2430 | 0100 0000 

  0x000076bf19ce26c8: ;   {oop(nullptr)}
  0x000076bf19ce26c8: 0000 0049 | ba00 0000 | 0000 0000 | 004c 8994 | 2428 0100 

  0x000076bf19ce26dc: ;   {oop(nullptr)}
  0x000076bf19ce26dc: 0049 ba00 | 0000 0000 | 0000 004c | 8994 2420 | 0100 00e9 | e0f1 ffff | c784 2434 | 0100 00ff 
  0x000076bf19ce26fc: ffff ffc7 | 8424 3001 | 0000 0000 

  0x000076bf19ce2708: ;   {oop(nullptr)}
  0x000076bf19ce2708: 0000 49ba | 0000 0000 | 0000 0000 | 4c89 9424 | 2801 0000 

  0x000076bf19ce271c: ;   {oop(nullptr)}
  0x000076bf19ce271c: 49ba 0000 | 0000 0000 | 0000 4c89 | 9424 2001 | 0000 e9a1 | f1ff ffc7 | 8424 3401 | 0000 ffff 
  0x000076bf19ce273c: ffff c784 | 2430 0100 | 0000 0000 

  0x000076bf19ce2748: ;   {oop(nullptr)}
  0x000076bf19ce2748: 0049 ba00 | 0000 0000 | 0000 004c | 8994 2428 

  0x000076bf19ce2758: ;   {oop(nullptr)}
  0x000076bf19ce2758: 0100 0049 | ba00 0000 | 0000 0000 | 004c 8994 | 2420 0100 | 00e9 62f1 | ffff 4c8b | 8c24 1801 
  0x000076bf19ce2778: 0000 448b | 9424 3401 | 0000 4489 | 9424 5401 | 0000 448b | 9424 3001 | 0000 4489 | 9424 5001 
  0x000076bf19ce2798: 0000 48ff | b424 2801 | 0000 488f | 8424 4801 | 0000 48ff | b424 2001 | 0000 488f | 8424 4001 
  0x000076bf19ce27b8: 0000 e9a6 | f1ff ff4c | 8bce 89bc | 2454 0100 | 0089 9c24 | 5001 0000 | 4889 8c24 | 4801 0000 
  0x000076bf19ce27d8: 4c89 8424 | 4001 0000 | e980 f1ff | ff8b bc24 | 5401 0000 | 8b9c 2450 | 0100 0048 | 8b8c 2448 
  0x000076bf19ce27f8: 0100 004c | 8b84 2440 | 0100 00e9 | 21f2 ffff | 8bbc 2454 | 0100 008b | 9c24 5001 | 0000 488b 
  0x000076bf19ce2818: 8c24 4801 | 0000 4c8b | 8424 4001 | 0000 e9fe | f1ff ff8b | bc24 5401 | 0000 8b9c | 2450 0100 
  0x000076bf19ce2838: 0048 8b8c | 2448 0100 | 004c 8b84 | 2440 0100 | 00e9 dbf1 | ffff 89bc | 2460 0100 | 0089 9c24 
  0x000076bf19ce2858: ;   {no_reloc}
  0x000076bf19ce2858: 6401 0000 | 4889 8c24 | 6801 0000 | 4c89 8424 | 7001 0000 | e9f5 f1ff 

  0x000076bf19ce2870: ;   {oop(nullptr)}
  0x000076bf19ce2870: ff48 bf00 | 0000 0000 | 0000 00e9 | 47f6 ffff 

  0x000076bf19ce2880: ;   {oop(nullptr)}
  0x000076bf19ce2880: 48bf 0000 | 0000 0000 | 0000 e938 | f6ff ff48 | 8bbc 24b0 | 0100 00e9 | 2bf6 ffff | 488b fee9 
  0x000076bf19ce28a0: 23f6 ffff | c784 2434 | 0100 00ff | ffff ffc7 | 8424 3001 | 0000 0000 

  0x000076bf19ce28b8: ;   {oop(nullptr)}
  0x000076bf19ce28b8: 0000 49ba | 0000 0000 | 0000 0000 | 4c89 9424 | 2801 0000 

  0x000076bf19ce28cc: ;   {oop(nullptr)}
  0x000076bf19ce28cc: 49ba 0000 | 0000 0000 | 0000 4c89 | 9424 2001 | 0000 e9f1 | efff ffc7 | 8424 3401 | 0000 ffff 
  0x000076bf19ce28ec: ffff c784 | 2430 0100 | 0000 0000 

  0x000076bf19ce28f8: ;   {oop(nullptr)}
  0x000076bf19ce28f8: 0049 ba00 | 0000 0000 | 0000 004c | 8994 2428 

  0x000076bf19ce2908: ;   {oop(nullptr)}
  0x000076bf19ce2908: 0100 0049 | ba00 0000 | 0000 0000 | 004c 8994 | 2420 0100 | 00e9 b2ef | ffff 448b | 9424 b400 
  0x000076bf19ce2928: 0000 4489 | 9424 3401 | 0000 448b | 9424 c000 | 0000 4489 | 9424 3001 | 0000 48ff | b424 c800 
  0x000076bf19ce2948: 0000 488f | 8424 2801 | 0000 48ff | b424 b800 | 0000 488f | 8424 2001 | 0000 e96d | efff ff44 
  0x000076bf19ce2968: 8b94 24b4 | 0000 0044 | 8994 2434 | 0100 0044 | 8b94 24c0 | 0000 0044 | 8994 2430 | 0100 004c 
  0x000076bf19ce2988: 898c 2428 | 0100 0048 | ffb4 24b8 | 0000 0048 | 8f84 2420 | 0100 00e9 | 30ef ffff | 899c 2434 
  0x000076bf19ce29a8: 0100 0089 | 9424 3001 | 0000 4c89 | 8c24 2801 | 0000 48ff | b424 b800 | 0000 488f | 8424 2001 
  0x000076bf19ce29c8: 0000 e905 | efff ff89 | 9c24 3401 | 0000 8994 | 2430 0100 | 004c 898c | 2428 0100 | 0048 ffb4 
  0x000076bf19ce29e8: 24b8 0000 | 0048 8f84 | 2420 0100 | 00e9 daee | ffff 899c | 2434 0100 | 0089 9424 | 3001 0000 
  0x000076bf19ce2a08: ;   {no_reloc}
  0x000076bf19ce2a08: 4c89 8c24 | 2801 0000 | 48ff b424 | b800 0000 | 488f 8424 | 2001 0000 | e9af eeff | ff89 9c24 
  0x000076bf19ce2a28: 3401 0000 | 448b 9424 | dc00 0000 | 4489 9424 | 3001 0000 | 4c89 8c24 | 2801 0000 | 48ff b424 
  0x000076bf19ce2a48: b800 0000 | 488f 8424 | 2001 0000 | e97b eeff | ff89 9c24 | 3401 0000 | 448b 9424 | dc00 0000 
  0x000076bf19ce2a68: 4489 9424 | 3001 0000 | 4c89 8c24 | 2801 0000 | 48ff b424 | b800 0000 | 488f 8424 | 2001 0000 
  0x000076bf19ce2a88: e947 eeff | ff44 8b94 | 24b4 0000 | 0044 8994 | 2434 0100 | 0044 8b94 | 24c0 0000 | 0044 8994 
  0x000076bf19ce2aa8: 2430 0100 | 0048 ffb4 | 24c8 0000 | 0048 8f84 | 2428 0100 | 0048 ffb4 | 24b8 0000 | 0048 8f84 
  0x000076bf19ce2ac8: 2420 0100 | 00e9 02ee | ffff 899c | 2460 0100 | 0089 8424 | 6401 0000 | 4889 8c24 | 6801 0000 
  0x000076bf19ce2ae8: 4889 9424 | 7001 0000 | e971 efff | ffc7 8424 | 3401 0000 | ffff ffff | c784 2430 | 0100 0000 
  0x000076bf19ce2b08: ;   {no_reloc}
  0x000076bf19ce2b08: 0000 0049 | ba00 0000 | 0000 0000 | 004c 8994 | 2428 0100 

  0x000076bf19ce2b1c: ;   {oop(nullptr)}
  0x000076bf19ce2b1c: 0049 ba00 | 0000 0000 | 0000 004c | 8994 2420 | 0100 00e9 | a0ed ffff | c784 2434 | 0100 00ff 
  0x000076bf19ce2b3c: ffff ffc7 | 8424 3001 | 0000 0000 

  0x000076bf19ce2b48: ;   {oop(nullptr)}
  0x000076bf19ce2b48: 0000 49ba | 0000 0000 | 0000 0000 | 4c89 9424 | 2801 0000 

  0x000076bf19ce2b5c: ;   {oop(nullptr)}
  0x000076bf19ce2b5c: 49ba 0000 | 0000 0000 | 0000 4c89 | 9424 2001 | 0000 e961 | edff ffc7 | 8424 3401 | 0000 ffff 
  0x000076bf19ce2b7c: ffff c784 | 2430 0100 | 0000 0000 

  0x000076bf19ce2b88: ;   {oop(nullptr)}
  0x000076bf19ce2b88: 0049 ba00 | 0000 0000 | 0000 004c | 8994 2428 

  0x000076bf19ce2b98: ;   {oop(nullptr)}
  0x000076bf19ce2b98: 0100 0049 | ba00 0000 | 0000 0000 | 004c 8994 | 2420 0100 | 00e9 22ed | ffff c784 | 2434 0100 
  0x000076bf19ce2bb8: 00ff ffff | ffc7 8424 | 3001 0000 | 0000 0000 

  0x000076bf19ce2bc8: ;   {oop(nullptr)}
  0x000076bf19ce2bc8: 49ba 0000 | 0000 0000 | 0000 4c89 | 9424 2801 

  0x000076bf19ce2bd8: ;   {oop(nullptr)}
  0x000076bf19ce2bd8: 0000 49ba | 0000 0000 | 0000 0000 | 4c89 9424 | 2001 0000 | e9e3 ecff | ff8b bc24 | 5401 0000 
  0x000076bf19ce2bf8: 8b9c 2450 | 0100 0048 | 8b8c 2448 | 0100 004c | 8b84 2440 | 0100 00e9 | 15ee ffff | 8bbc 2454 
  0x000076bf19ce2c18: 0100 008b | 9c24 5001 | 0000 488b | 8c24 4801 | 0000 4c8b | 8424 4001 | 0000 e9f2 | edff ff89 
  0x000076bf19ce2c38: bc24 6001 | 0000 899c | 2464 0100 | 0048 898c | 2468 0100 | 004c 8984 | 2470 0100 | 00e9 0cee 
  0x000076bf19ce2c58: ffff 498b | 8700 0500 | 0049 c787 | 0005 0000 | 0000 0000 | 49c7 8708 | 0500 0000 | 0000 0048 
  0x000076bf19ce2c78: 8bd8 488d | 8424 c001 | 0000 488b | 3848 85ff | 0f84 0f00 | 0000 488b | 7008 f048 | 0fb1 3e0f 
  0x000076bf19ce2c98: 8517 0000 | 0049 ff8f | 5005 0000 | 488b c348 | 81c4 e001 

  0x000076bf19ce2cac: ;   {runtime_call unwind_exception Runtime1 stub}
  0x000076bf19ce2cac: 0000 5de9 | 4cce 9406 | 488d 8424 | c001 0000 | 4889 0424 

  0x000076bf19ce2cc0: ;   {runtime_call monitorexit_nofpu Runtime1 stub}
  0x000076bf19ce2cc0: e8bb 1695 | 06eb ddf4 
[Stub Code]
  0x000076bf19ce2cc8: ;   {no_reloc}
  0x000076bf19ce2cc8: 0f1f 4400 

  0x000076bf19ce2ccc: ;   {static_stub}
  0x000076bf19ce2ccc: 0048 bb00 | 0000 0000 

  0x000076bf19ce2cd4: ;   {runtime_call nmethod}
  0x000076bf19ce2cd4: 0000 00e9 | fbff ffff 

  0x000076bf19ce2cdc: ;   {static_stub}
  0x000076bf19ce2cdc: 9048 bb00 | 0000 0000 

  0x000076bf19ce2ce4: ;   {runtime_call nmethod}
  0x000076bf19ce2ce4: 0000 00e9 | fbff ffff 

  0x000076bf19ce2cec: ;   {static_stub}
  0x000076bf19ce2cec: 9048 bb00 | 0000 0000 

  0x000076bf19ce2cf4: ;   {runtime_call nmethod}
  0x000076bf19ce2cf4: 0000 00e9 | fbff ffff 

  0x000076bf19ce2cfc: ;   {static_stub}
  0x000076bf19ce2cfc: 9048 bb00 | 0000 0000 

  0x000076bf19ce2d04: ;   {runtime_call nmethod}
  0x000076bf19ce2d04: 0000 00e9 | fbff ffff 

  0x000076bf19ce2d0c: ;   {static_stub}
  0x000076bf19ce2d0c: 9048 bb00 | 0000 0000 

  0x000076bf19ce2d14: ;   {runtime_call nmethod}
  0x000076bf19ce2d14: 0000 00e9 | fbff ffff 

  0x000076bf19ce2d1c: ;   {static_stub}
  0x000076bf19ce2d1c: 9048 bb00 | 0000 0000 

  0x000076bf19ce2d24: ;   {runtime_call nmethod}
  0x000076bf19ce2d24: 0000 00e9 | fbff ffff 

  0x000076bf19ce2d2c: ;   {static_stub}
  0x000076bf19ce2d2c: 9048 bb00 | 0000 0000 

  0x000076bf19ce2d34: ;   {runtime_call nmethod}
  0x000076bf19ce2d34: 0000 00e9 | fbff ffff 

  0x000076bf19ce2d3c: ;   {static_stub}
  0x000076bf19ce2d3c: 9048 bb00 | 0000 0000 

  0x000076bf19ce2d44: ;   {runtime_call nmethod}
  0x000076bf19ce2d44: 0000 00e9 | fbff ffff 

  0x000076bf19ce2d4c: ;   {static_stub}
  0x000076bf19ce2d4c: 9048 bb00 | 0000 0000 

  0x000076bf19ce2d54: ;   {runtime_call nmethod}
  0x000076bf19ce2d54: 0000 00e9 | fbff ffff 

  0x000076bf19ce2d5c: ;   {static_stub}
  0x000076bf19ce2d5c: 9048 bb00 | 0000 0000 

  0x000076bf19ce2d64: ;   {runtime_call nmethod}
  0x000076bf19ce2d64: 0000 00e9 | fbff ffff 

  0x000076bf19ce2d6c: ;   {static_stub}
  0x000076bf19ce2d6c: 9048 bb00 | 0000 0000 

  0x000076bf19ce2d74: ;   {runtime_call nmethod}
  0x000076bf19ce2d74: 0000 00e9 | fbff ffff 

  0x000076bf19ce2d7c: ;   {static_stub}
  0x000076bf19ce2d7c: 9048 bb00 | 0000 0000 

  0x000076bf19ce2d84: ;   {runtime_call nmethod}
  0x000076bf19ce2d84: 0000 00e9 | fbff ffff 

  0x000076bf19ce2d8c: ;   {static_stub}
  0x000076bf19ce2d8c: 9048 bb00 | 0000 0000 

  0x000076bf19ce2d94: ;   {runtime_call nmethod}
  0x000076bf19ce2d94: 0000 00e9 | fbff ffff 

  0x000076bf19ce2d9c: ;   {static_stub}
  0x000076bf19ce2d9c: 9048 bb00 | 0000 0000 

  0x000076bf19ce2da4: ;   {runtime_call nmethod}
  0x000076bf19ce2da4: 0000 00e9 | fbff ffff 

  0x000076bf19ce2dac: ;   {static_stub}
  0x000076bf19ce2dac: 9048 bb00 | 0000 0000 

  0x000076bf19ce2db4: ;   {runtime_call nmethod}
  0x000076bf19ce2db4: 0000 00e9 | fbff ffff 

  0x000076bf19ce2dbc: ;   {static_stub}
  0x000076bf19ce2dbc: 9048 bb00 | 0000 0000 

  0x000076bf19ce2dc4: ;   {runtime_call nmethod}
  0x000076bf19ce2dc4: 0000 00e9 | fbff ffff 

  0x000076bf19ce2dcc: ;   {static_stub}
  0x000076bf19ce2dcc: 9048 bb00 | 0000 0000 

  0x000076bf19ce2dd4: ;   {runtime_call nmethod}
  0x000076bf19ce2dd4: 0000 00e9 | fbff ffff 

  0x000076bf19ce2ddc: ;   {static_stub}
  0x000076bf19ce2ddc: 9048 bb00 | 0000 0000 

  0x000076bf19ce2de4: ;   {runtime_call nmethod}
  0x000076bf19ce2de4: 0000 00e9 | fbff ffff 

  0x000076bf19ce2dec: ;   {static_stub}
  0x000076bf19ce2dec: 9048 bb00 | 0000 0000 

  0x000076bf19ce2df4: ;   {runtime_call nmethod}
  0x000076bf19ce2df4: 0000 00e9 | fbff ffff 

  0x000076bf19ce2dfc: ;   {static_stub}
  0x000076bf19ce2dfc: 9048 bb00 | 0000 0000 

  0x000076bf19ce2e04: ;   {runtime_call nmethod}
  0x000076bf19ce2e04: 0000 00e9 | fbff ffff 

  0x000076bf19ce2e0c: ;   {static_stub}
  0x000076bf19ce2e0c: 48bb d851 | 35b6 be76 

  0x000076bf19ce2e14: ;   {runtime_call I2C/C2I adapters}
  0x000076bf19ce2e14: 0000 e94c 

  0x000076bf19ce2e18: ;   {static_stub}
  0x000076bf19ce2e18: 728a 0648 | bb60 6335 | b6be 7600 

  0x000076bf19ce2e24: ;   {runtime_call I2C/C2I adapters}
  0x000076bf19ce2e24: 00e9 3c6f 

  0x000076bf19ce2e28: ;   {static_stub}
  0x000076bf19ce2e28: 8a06 48bb | a066 35b6 | be76 0000 

  0x000076bf19ce2e34: ;   {runtime_call I2C/C2I adapters}
  0x000076bf19ce2e34: e92e 728a 

  0x000076bf19ce2e38: ;   {static_stub}
  0x000076bf19ce2e38: 0648 bbb0 | c434 b6be 

  0x000076bf19ce2e40: ;   {runtime_call I2C/C2I adapters}
  0x000076bf19ce2e40: 7600 00e9 | 1f72 8a06 

  0x000076bf19ce2e48: ;   {static_stub}
  0x000076bf19ce2e48: 48bb 0000 | 0000 0000 

  0x000076bf19ce2e50: ;   {runtime_call nmethod}
  0x000076bf19ce2e50: 0000 e9fb 

  0x000076bf19ce2e54: ;   {static_stub}
  0x000076bf19ce2e54: ffff ff48 | bb00 0000 | 0000 0000 

  0x000076bf19ce2e60: ;   {runtime_call nmethod}
  0x000076bf19ce2e60: 00e9 fbff 

  0x000076bf19ce2e64: ;   {static_stub}
  0x000076bf19ce2e64: ffff 48bb | 0000 0000 | 0000 0000 

  0x000076bf19ce2e70: ;   {runtime_call nmethod}
  0x000076bf19ce2e70: e9fb ffff 

  0x000076bf19ce2e74: ;   {static_stub}
  0x000076bf19ce2e74: ff48 bb00 | 0000 0000 

  0x000076bf19ce2e7c: ;   {runtime_call nmethod}
  0x000076bf19ce2e7c: 0000 00e9 | fbff ffff 

  0x000076bf19ce2e84: ;   {static_stub}
  0x000076bf19ce2e84: 48bb 0000 | 0000 0000 

  0x000076bf19ce2e8c: ;   {runtime_call nmethod}
  0x000076bf19ce2e8c: 0000 e9fb 

  0x000076bf19ce2e90: ;   {static_stub}
  0x000076bf19ce2e90: ffff ff48 | bb00 0000 | 0000 0000 

  0x000076bf19ce2e9c: ;   {runtime_call nmethod}
  0x000076bf19ce2e9c: 00e9 fbff 

  0x000076bf19ce2ea0: ;   {runtime_call handle_exception_from_callee Runtime1 stub}
  0x000076bf19ce2ea0: ffff e8d9 

  0x000076bf19ce2ea4: ;   {external_word}
  0x000076bf19ce2ea4: fc94 0648 | bf06 fb53 | 31bf 7600 | 0048 83e4 

  0x000076bf19ce2eb4: ;   {runtime_call MacroAssembler::debug64(char*, long, long*)}
  0x000076bf19ce2eb4: f0e8 262f 

  0x000076bf19ce2eb8: ;   {section_word}
  0x000076bf19ce2eb8: 3217 f449 | babb 2ece | 19bf 7600 

  0x000076bf19ce2ec4: ;   {runtime_call DeoptimizationBlob}
  0x000076bf19ce2ec4: 0041 52e9 | d479 8a06 | f4f4 f4f4 
[/MachCode]


---------------  P R O C E S S  ---------------

Threads class SMR info:
_java_thread_list=0x000076be58061e70, length=39, elements={
0x000076bf2802b680, 0x000076bf280f1aa0, 0x000076bf280f2fe0, 0x000076bf280f4740,
0x000076bf280f5d50, 0x000076bf280f72c0, 0x000076bf280f8dd0, 0x000076bf280fa460,
0x000076bf281578d0, 0x000076bf281d1ca0, 0x000076bf2832c810, 0x000076bf283b0db0,
0x000076be78075da0, 0x000076bf283b3ba0, 0x000076be70292840, 0x000076be702c99c0,
0x000076be701abff0, 0x000076be706c4690, 0x000076be70b0c3e0, 0x000076be4c000f60,
0x000076bf283c6990, 0x000076bf2842b9c0, 0x000076bf2842cca0, 0x000076be5c0dad80,
0x000076be48001fb0, 0x000076be5c0dbc30, 0x0000625a49c78600, 0x000076be5c16e130,
0x000076be500c4050, 0x000076be4c013d50, 0x000076be500be530, 0x000076be500bf210,
0x0000625a49cf4d40, 0x0000625a49cf5d50, 0x000076be502b1e60, 0x000076be5030ffa0,
0x000076be50310c80, 0x000076be780788d0, 0x000076be58062840
}

Java Threads: ( => current thread )
  0x000076bf2802b680 JavaThread "main"                              [_thread_blocked, id=2359, stack(0x000076bf301da000,0x000076bf302da000) (1024K)]
  0x000076bf280f1aa0 JavaThread "Reference Handler"          daemon [_thread_blocked, id=2384, stack(0x000076bf15d00000,0x000076bf15e00000) (1024K)]
  0x000076bf280f2fe0 JavaThread "Finalizer"                  daemon [_thread_blocked, id=2385, stack(0x000076bf15c00000,0x000076bf15d00000) (1024K)]
  0x000076bf280f4740 JavaThread "Signal Dispatcher"          daemon [_thread_blocked, id=2387, stack(0x000076bf15b00000,0x000076bf15c00000) (1024K)]
  0x000076bf280f5d50 JavaThread "Service Thread"             daemon [_thread_blocked, id=2390, stack(0x000076bf15a00000,0x000076bf15b00000) (1024K)]
  0x000076bf280f72c0 JavaThread "Monitor Deflation Thread"   daemon [_thread_blocked, id=2392, stack(0x000076bf15900000,0x000076bf15a00000) (1024K)]
  0x000076bf280f8dd0 JavaThread "C2 CompilerThread0"         daemon [_thread_blocked, id=2393, stack(0x000076bf15800000,0x000076bf15900000) (1024K)]
  0x000076bf280fa460 JavaThread "C1 CompilerThread0"         daemon [_thread_blocked, id=2396, stack(0x000076bf15700000,0x000076bf15800000) (1024K)]
  0x000076bf281578d0 JavaThread "Common-Cleaner"             daemon [_thread_blocked, id=2407, stack(0x000076bf15600000,0x000076bf15700000) (1024K)]
  0x000076bf281d1ca0 JavaThread "Notification Thread"        daemon [_thread_blocked, id=2408, stack(0x000076bf15500000,0x000076bf15600000) (1024K)]
  0x000076bf2832c810 JavaThread "Active Thread: Equinox Container: 797d9c58-094f-4a9c-8cd8-4f8f42857edc"        [_thread_blocked, id=2420, stack(0x000076bf150fd000,0x000076bf151fd000) (1024K)]
  0x000076bf283b0db0 JavaThread "Refresh Thread: Equinox Container: 797d9c58-094f-4a9c-8cd8-4f8f42857edc" daemon [_thread_blocked, id=2434, stack(0x000076bf14efd000,0x000076bf14ffd000) (1024K)]
  0x000076be78075da0 JavaThread "Framework Event Dispatcher: Equinox Container: 797d9c58-094f-4a9c-8cd8-4f8f42857edc" daemon [_thread_blocked, id=2435, stack(0x000076bf14dfd000,0x000076bf14efd000) (1024K)]
  0x000076bf283b3ba0 JavaThread "Start Level: Equinox Container: 797d9c58-094f-4a9c-8cd8-4f8f42857edc" daemon [_thread_blocked, id=2436, stack(0x000076bf14cfd000,0x000076bf14dfd000) (1024K)]
  0x000076be70292840 JavaThread "Bundle File Closer"         daemon [_thread_blocked, id=2456, stack(0x000076bf14ffd000,0x000076bf150fd000) (1024K)]
  0x000076be702c99c0 JavaThread "SCR Component Actor"        daemon [_thread_blocked, id=2463, stack(0x000076bf14bfd000,0x000076bf14cfd000) (1024K)]
  0x000076be701abff0 JavaThread "Worker-JM"                         [_thread_blocked, id=2465, stack(0x000076bf14afd000,0x000076bf14bfd000) (1024K)]
  0x000076be706c4690 JavaThread "Worker-0: Validate documents"        [_thread_blocked, id=2469, stack(0x000076bf149fd000,0x000076bf14afd000) (1024K)]
=>0x000076be70b0c3e0 JavaThread "Java indexing"              daemon [_thread_in_vm, id=2474, stack(0x000076bf147fd000,0x000076bf148fd000) (1024K)]
  0x000076be4c000f60 JavaThread "Worker-4: Building"                [_thread_blocked, id=2477, stack(0x000076bf144fd000,0x000076bf145fd000) (1024K)]
  0x000076bf283c6990 JavaThread "pool-2-thread-1"                   [_thread_blocked, id=2478, stack(0x000076bf143fd000,0x000076bf144fd000) (1024K)]
  0x000076bf2842b9c0 JavaThread "WorkspaceEventsHandler"            [_thread_blocked, id=2479, stack(0x000076bf142fd000,0x000076bf143fd000) (1024K)]
  0x000076bf2842cca0 JavaThread "pool-1-thread-1"                   [_thread_blocked, id=2480, stack(0x000076bf141fd000,0x000076bf142fd000) (1024K)]
  0x000076be5c0dad80 JavaThread "PatternSearchJob-worker-1"  daemon [_thread_blocked, id=2481, stack(0x000076bf140fd000,0x000076bf141fd000) (1024K)]
  0x000076be48001fb0 JavaThread "PatternSearchJob-worker-2"  daemon [_thread_blocked, id=2482, stack(0x000076bebef00000,0x000076bebf000000) (1024K)]
  0x000076be5c0dbc30 JavaThread "PatternSearchJob-worker-3"  daemon [_thread_blocked, id=2483, stack(0x000076bebee00000,0x000076bebef00000) (1024K)]
  0x0000625a49c78600 JavaThread "ForkJoinPool.commonPool-worker-4" daemon [_thread_blocked, id=3327, stack(0x000076bebeb00000,0x000076bebec00000) (1024K)]
  0x000076be5c16e130 JavaThread "Worker-5: Publish Diagnostics"        [_thread_blocked, id=3526, stack(0x000076bebec00000,0x000076bebed00000) (1024K)]
  0x000076be500c4050 JavaThread "LocalFile Deleter"          daemon [_thread_blocked, id=3539, stack(0x000076bebed00000,0x000076bebee00000) (1024K)]
  0x000076be4c013d50 JavaThread "LocalFile Deleter"          daemon [_thread_blocked, id=3540, stack(0x000076bf148fd000,0x000076bf149fd000) (1024K)]
  0x000076be500be530 JavaThread "Compiler Source File Reader" daemon [_thread_blocked, id=3543, stack(0x000076bf146fd000,0x000076bf147fd000) (1024K)]
  0x000076be500bf210 JavaThread "Compiler Source File Reader" daemon [_thread_blocked, id=3545, stack(0x000076bf145fd000,0x000076bf146fd000) (1024K)]
  0x0000625a49cf4d40 JavaThread "ForkJoinPool.commonPool-worker-5" daemon [_thread_blocked, id=3560, stack(0x000076bebea00000,0x000076bebeb00000) (1024K)]
  0x0000625a49cf5d50 JavaThread "ForkJoinPool.commonPool-worker-6" daemon [_thread_blocked, id=3561, stack(0x000076bebe800000,0x000076bebe900000) (1024K)]
  0x000076be502b1e60 JavaThread "Compiler Processing Task"   daemon [_thread_blocked, id=3563, stack(0x000076bebe900000,0x000076bebea00000) (1024K)]
  0x000076be5030ffa0 JavaThread "Compiler Class File Writer" daemon [_thread_blocked, id=3564, stack(0x000076bebe600000,0x000076bebe700000) (1024K)]
  0x000076be50310c80 JavaThread "Compiler Class File Writer" daemon [_thread_blocked, id=3567, stack(0x000076bebe700000,0x000076bebe800000) (1024K)]
  0x000076be780788d0 JavaThread "LocalFile Deleter"          daemon [_thread_blocked, id=3569, stack(0x000076bebe500000,0x000076bebe600000) (1024K)]
  0x000076be58062840 JavaThread "Worker-6"                          [_thread_blocked, id=3570, stack(0x000076bebe400000,0x000076bebe500000) (1024K)]
Total: 39

Other Threads:
  0x000076bf280e86e0 VMThread "VM Thread"                           [id=2381, stack(0x000076bf160f4000,0x000076bf161f4000) (1024K)] _threads_hazard_ptr=0x000076be58061e70
  0x000076bf28052aa0 WatcherThread "VM Periodic Task Thread"        [id=2379, stack(0x000076bf17eff000,0x000076bf17fff000) (1024K)]
  0x000076bf28043de0 WorkerThread "GC Thread#0"                     [id=2361, stack(0x000076bf2cd00000,0x000076bf2ce00000) (1024K)]
  0x000076beac000f10 WorkerThread "GC Thread#1"                     [id=2414, stack(0x000076bf15400000,0x000076bf15500000) (1024K)]
  0x000076beac002ba0 WorkerThread "GC Thread#2"                     [id=2417, stack(0x000076bf152ff000,0x000076bf153ff000) (1024K)]
  0x000076beac003690 WorkerThread "GC Thread#3"                     [id=2418, stack(0x000076bf151fe000,0x000076bf152fe000) (1024K)]
Total: 6

Threads with active compile tasks:
C2 CompilerThread0  304931 10509       4       java.lang.invoke.MethodType::makeImpl (109 bytes)
Total: 1

VM state: synchronizing (normal execution)

VM Mutex/Monitor currently owned by a thread:  ([mutex/lock_event])
[0x000076bf31970ed8] Threads_lock - owner thread: 0x000076bf280e86e0
[0x000076bf31970dd8] Heap_lock - owner thread: 0x000076be70b0c3e0
[0x000076bf31970958] PSOldGenExpand_lock - owner thread: 0x000076be70b0c3e0

Heap address: 0x0000000600000000, size: 8192 MB, Compressed Oops mode: Zero based, Oop shift amount: 3

CDS archive(s) mapped at: [0x000076bebf000000-0x000076bebfbba000-0x000076bebfbba000), size 12296192, SharedBaseAddress: 0x000076bebf000000, ArchiveRelocationMode: 1.
Compressed class space mapped at: 0x000076bec0000000-0x000076bf00000000, reserved size: 1073741824
Narrow klass base: 0x000076bebf000000, Narrow klass shift: 0, Narrow klass range: 0x100000000

GC Precious Log:
 CardTable entry size: 512
 CPUs: 4 total, 4 available
 Memory: 3703M
 Large Page Support: Disabled
 NUMA Support: Disabled
 Compressed Oops: Enabled (Zero based)
 Alignments: Space 512K, Generation 512K, Heap 2M
 Heap Min Capacity: 100M
 Heap Initial Capacity: 100M
 Heap Max Capacity: 8G
 Pre-touch: Disabled
 Parallel Workers: 4

Heap:
 PSYoungGen      total 7168K, used 7040K [0x0000000755580000, 0x0000000755e80000, 0x0000000800000000)
  eden space 5632K, 100% used [0x0000000755580000,0x0000000755b00000,0x0000000755b00000)
  from space 1536K, 91% used [0x0000000755b80000,0x0000000755ce0010,0x0000000755d00000)
  to   space 1536K, 0% used [0x0000000755d00000,0x0000000755d00000,0x0000000755e80000)
 ParOldGen       total 70144K, used 65634K [0x0000000600000000, 0x0000000604480000, 0x0000000755580000)
  object space 70144K, 93% used [0x0000000600000000,0x0000000604018a28,0x0000000604480000)
 Metaspace       used 63347K, committed 64768K, reserved 1114112K
  class space    used 6697K, committed 7296K, reserved 1048576K

Card table byte_map: [0x000076bf17fff000,0x000076bf19000000] _byte_map_base: 0x000076bf14fff000

Marking Bits: (ParMarkBitMap*) 0x000076bf319771c0
 Begin Bits: [0x000076bf00000000, 0x000076bf08000000)
 End Bits:   [0x000076bf08000000, 0x000076bf10000000)

Polling page: 0x000076bf31cb0000

Metaspace:

Usage:
  Non-class:     55.32 MB used.
      Class:      6.54 MB used.
       Both:     61.86 MB used.

Virtual space:
  Non-class space:       64.00 MB reserved,      56.12 MB ( 88%) committed,  1 nodes.
      Class space:        1.00 GB reserved,       7.12 MB ( <1%) committed,  1 nodes.
             Both:        1.06 GB reserved,      63.25 MB (  6%) committed. 

Chunk freelists:
   Non-Class:  7.92 MB
       Class:  8.92 MB
        Both:  16.84 MB

MaxMetaspaceSize: unlimited
CompressedClassSpaceSize: 1.00 GB
Initial GC threshold: 21.00 MB
Current GC threshold: 97.31 MB
CDS: on
 - commit_granule_bytes: 65536.
 - commit_granule_words: 8192.
 - virtual_space_node_default_size: 8388608.
 - enlarge_chunks_in_place: 1.
 - use_allocation_guard: 0.


Internal statistics:

num_allocs_failed_limit: 11.
num_arena_births: 1124.
num_arena_deaths: 14.
num_vsnodes_births: 2.
num_vsnodes_deaths: 0.
num_space_committed: 1012.
num_space_uncommitted: 0.
num_chunks_returned_to_freelist: 25.
num_chunks_taken_from_freelist: 4065.
num_chunk_merges: 17.
num_chunk_splits: 2531.
num_chunks_enlarged: 1416.
num_inconsistent_stats: 0.

CodeHeap 'non-profiled nmethods': size=120032Kb used=4422Kb max_used=4422Kb free=115609Kb
 bounds [0x000076bf20ac8000, 0x000076bf20f28000, 0x000076bf28000000]
CodeHeap 'profiled nmethods': size=120028Kb used=19602Kb max_used=19602Kb free=100425Kb
 bounds [0x000076bf19000000, 0x000076bf1a330000, 0x000076bf20537000]
CodeHeap 'non-nmethods': size=5700Kb used=1401Kb max_used=1456Kb free=4298Kb
 bounds [0x000076bf20537000, 0x000076bf207a7000, 0x000076bf20ac8000]
CodeCache: size=245760Kb, used=25425Kb, max_used=25480Kb, free=220332Kb
 total_blobs=10504, nmethods=9779, adapters=633, full_count=0
Compilation: enabled, stopped_count=0, restarted_count=0

Compilation events (20 events):
Event: 303.953 Thread 0x000076bf280fa460 10563       2       org.eclipse.core.internal.resources.Resource::isMember (65 bytes)
Event: 303.954 Thread 0x000076bf280fa460 nmethod 10563 0x000076bf1a312d10 code [0x000076bf1a312ea0, 0x000076bf1a313038]
Event: 303.954 Thread 0x000076bf280fa460 10562       2       org.eclipse.jdt.ls.core.internal.handlers.ProgressReporterManager$ProgressReporter::sendProgress (78 bytes)
Event: 303.957 Thread 0x000076bf280fa460 nmethod 10562 0x000076bf1a313110 code [0x000076bf1a3132e0, 0x000076bf1a313548]
Event: 303.957 Thread 0x000076bf280fa460 10564       2       java.nio.channels.FileChannel::<init> (5 bytes)
Event: 303.957 Thread 0x000076bf280fa460 nmethod 10564 0x000076bf1a313710 code [0x000076bf1a3138a0, 0x000076bf1a313a18]
Event: 303.957 Thread 0x000076bf280fa460 10565       2       sun.nio.ch.NativeThreadSet::<init> (17 bytes)
Event: 303.958 Thread 0x000076bf280fa460 nmethod 10565 0x000076bf1a313b10 code [0x000076bf1a313ca0, 0x000076bf1a313e60]
Event: 303.968 Thread 0x000076bf280fa460 10568       2       org.eclipse.core.internal.events.ResourceDelta::getKind (9 bytes)
Event: 303.968 Thread 0x000076bf280fa460 nmethod 10568 0x000076bf1a313f10 code [0x000076bf1a3140a0, 0x000076bf1a3141b0]
Event: 303.968 Thread 0x000076bf280fa460 10566       2       org.eclipse.core.internal.resources.ResourceInfo::getType (8 bytes)
Event: 303.968 Thread 0x000076bf280fa460 nmethod 10566 0x000076bf1a314290 code [0x000076bf1a314420, 0x000076bf1a314528]
Event: 303.968 Thread 0x000076bf280fa460 10567       1       org.eclipse.core.internal.resources.ResourceInfo::getNodeId (5 bytes)
Event: 303.968 Thread 0x000076bf280fa460 nmethod 10567 0x000076bf20f19410 code [0x000076bf20f195a0, 0x000076bf20f19668]
Event: 303.972 Thread 0x000076bf280fa460 10569       3       java.nio.channels.spi.AbstractInterruptibleChannel::begin (48 bytes)
Event: 303.973 Thread 0x000076bf280fa460 nmethod 10569 0x000076bf1a314610 code [0x000076bf1a314800, 0x000076bf1a314db8]
Event: 303.973 Thread 0x000076bf280fa460 10570       3       java.nio.channels.spi.AbstractInterruptibleChannel::end (53 bytes)
Event: 303.973 Thread 0x000076bf280fa460 nmethod 10570 0x000076bf1a315090 code [0x000076bf1a3152a0, 0x000076bf1a315830]
Event: 303.973 Thread 0x000076bf280fa460 10571       2       org.eclipse.jdt.internal.core.PackageFragment::resource (74 bytes)
Event: 303.974 Thread 0x000076bf280fa460 nmethod 10571 0x000076bf1a315a90 code [0x000076bf1a315cc0, 0x000076bf1a316210]

GC Heap History (20 events):
Event: 40.227 GC heap before
{Heap before GC invocations=65 (full 3):
 PSYoungGen      total 10752K, used 10541K [0x0000000755580000, 0x0000000756280000, 0x0000000800000000)
  eden space 9216K, 99% used [0x0000000755580000,0x0000000755e71fd0,0x0000000755e80000)
  from space 1536K, 89% used [0x0000000755e80000,0x0000000755fd9670,0x0000000756000000)
  to   space 2048K, 0% used [0x0000000756080000,0x0000000756080000,0x0000000756280000)
 ParOldGen       total 70144K, used 55468K [0x0000000600000000, 0x0000000604480000, 0x0000000755580000)
  object space 70144K, 79% used [0x0000000600000000,0x000000060362b340,0x0000000604480000)
 Metaspace       used 59240K, committed 60544K, reserved 1114112K
  class space    used 6346K, committed 6912K, reserved 1048576K
}
Event: 40.247 GC heap after
{Heap after GC invocations=65 (full 3):
 PSYoungGen      total 10752K, used 1433K [0x0000000755580000, 0x0000000756200000, 0x0000000800000000)
  eden space 9216K, 0% used [0x0000000755580000,0x0000000755580000,0x0000000755e80000)
  from space 1536K, 93% used [0x0000000756080000,0x00000007561e66e8,0x0000000756200000)
  to   space 1536K, 0% used [0x0000000755e80000,0x0000000755e80000,0x0000000756000000)
 ParOldGen       total 70144K, used 55758K [0x0000000600000000, 0x0000000604480000, 0x0000000755580000)
  object space 70144K, 79% used [0x0000000600000000,0x00000006036739e8,0x0000000604480000)
 Metaspace       used 59240K, committed 60544K, reserved 1114112K
  class space    used 6346K, committed 6912K, reserved 1048576K
}
Event: 40.380 GC heap before
{Heap before GC invocations=66 (full 3):
 PSYoungGen      total 10752K, used 10649K [0x0000000755580000, 0x0000000756200000, 0x0000000800000000)
  eden space 9216K, 100% used [0x0000000755580000,0x0000000755e80000,0x0000000755e80000)
  from space 1536K, 93% used [0x0000000756080000,0x00000007561e66e8,0x0000000756200000)
  to   space 1536K, 0% used [0x0000000755e80000,0x0000000755e80000,0x0000000756000000)
 ParOldGen       total 70144K, used 55758K [0x0000000600000000, 0x0000000604480000, 0x0000000755580000)
  object space 70144K, 79% used [0x0000000600000000,0x00000006036739e8,0x0000000604480000)
 Metaspace       used 59302K, committed 60672K, reserved 1114112K
  class space    used 6353K, committed 6912K, reserved 1048576K
}
Event: 40.391 GC heap after
{Heap after GC invocations=66 (full 3):
 PSYoungGen      total 10752K, used 694K [0x0000000755580000, 0x0000000756100000, 0x0000000800000000)
  eden space 9216K, 0% used [0x0000000755580000,0x0000000755580000,0x0000000755e80000)
  from space 1536K, 45% used [0x0000000755e80000,0x0000000755f2da30,0x0000000756000000)
  to   space 1024K, 0% used [0x0000000756000000,0x0000000756000000,0x0000000756100000)
 ParOldGen       total 70144K, used 55782K [0x0000000600000000, 0x0000000604480000, 0x0000000755580000)
  object space 70144K, 79% used [0x0000000600000000,0x00000006036799e8,0x0000000604480000)
 Metaspace       used 59302K, committed 60672K, reserved 1114112K
  class space    used 6353K, committed 6912K, reserved 1048576K
}
Event: 40.594 GC heap before
{Heap before GC invocations=67 (full 3):
 PSYoungGen      total 10752K, used 9910K [0x0000000755580000, 0x0000000756100000, 0x0000000800000000)
  eden space 9216K, 100% used [0x0000000755580000,0x0000000755e80000,0x0000000755e80000)
  from space 1536K, 45% used [0x0000000755e80000,0x0000000755f2da30,0x0000000756000000)
  to   space 1024K, 0% used [0x0000000756000000,0x0000000756000000,0x0000000756100000)
 ParOldGen       total 70144K, used 55782K [0x0000000600000000, 0x0000000604480000, 0x0000000755580000)
  object space 70144K, 79% used [0x0000000600000000,0x00000006036799e8,0x0000000604480000)
 Metaspace       used 59976K, committed 61376K, reserved 1114112K
  class space    used 6410K, committed 6976K, reserved 1048576K
}
Event: 40.598 GC heap after
{Heap after GC invocations=67 (full 3):
 PSYoungGen      total 9728K, used 160K [0x0000000755580000, 0x0000000756080000, 0x0000000800000000)
  eden space 9216K, 0% used [0x0000000755580000,0x0000000755580000,0x0000000755e80000)
  from space 512K, 31% used [0x0000000756000000,0x0000000756028000,0x0000000756080000)
  to   space 512K, 0% used [0x0000000755f80000,0x0000000755f80000,0x0000000756000000)
 ParOldGen       total 70144K, used 55822K [0x0000000600000000, 0x0000000604480000, 0x0000000755580000)
  object space 70144K, 79% used [0x0000000600000000,0x00000006036839e8,0x0000000604480000)
 Metaspace       used 59976K, committed 61376K, reserved 1114112K
  class space    used 6410K, committed 6976K, reserved 1048576K
}
Event: 262.236 GC heap before
{Heap before GC invocations=68 (full 3):
 PSYoungGen      total 9728K, used 9376K [0x0000000755580000, 0x0000000756080000, 0x0000000800000000)
  eden space 9216K, 100% used [0x0000000755580000,0x0000000755e80000,0x0000000755e80000)
  from space 512K, 31% used [0x0000000756000000,0x0000000756028000,0x0000000756080000)
  to   space 512K, 0% used [0x0000000755f80000,0x0000000755f80000,0x0000000756000000)
 ParOldGen       total 70144K, used 55822K [0x0000000600000000, 0x0000000604480000, 0x0000000755580000)
  object space 70144K, 79% used [0x0000000600000000,0x00000006036839e8,0x0000000604480000)
 Metaspace       used 61509K, committed 62784K, reserved 1114112K
  class space    used 6525K, committed 7040K, reserved 1048576K
}
Event: 262.242 GC heap after
{Heap after GC invocations=68 (full 3):
 PSYoungGen      total 9728K, used 480K [0x0000000755580000, 0x0000000756080000, 0x0000000800000000)
  eden space 9216K, 0% used [0x0000000755580000,0x0000000755580000,0x0000000755e80000)
  from space 512K, 93% used [0x0000000755f80000,0x0000000755ff8040,0x0000000756000000)
  to   space 512K, 0% used [0x0000000756000000,0x0000000756000000,0x0000000756080000)
 ParOldGen       total 70144K, used 55974K [0x0000000600000000, 0x0000000604480000, 0x0000000755580000)
  object space 70144K, 79% used [0x0000000600000000,0x00000006036a99e8,0x0000000604480000)
 Metaspace       used 61509K, committed 62784K, reserved 1114112K
  class space    used 6525K, committed 7040K, reserved 1048576K
}
Event: 264.373 GC heap before
{Heap before GC invocations=69 (full 3):
 PSYoungGen      total 9728K, used 9696K [0x0000000755580000, 0x0000000756080000, 0x0000000800000000)
  eden space 9216K, 100% used [0x0000000755580000,0x0000000755e80000,0x0000000755e80000)
  from space 512K, 93% used [0x0000000755f80000,0x0000000755ff8040,0x0000000756000000)
  to   space 512K, 0% used [0x0000000756000000,0x0000000756000000,0x0000000756080000)
 ParOldGen       total 70144K, used 55974K [0x0000000600000000, 0x0000000604480000, 0x0000000755580000)
  object space 70144K, 79% used [0x0000000600000000,0x00000006036a99e8,0x0000000604480000)
 Metaspace       used 61689K, committed 62912K, reserved 1114112K
  class space    used 6528K, committed 7040K, reserved 1048576K
}
Event: 264.379 GC heap after
{Heap after GC invocations=69 (full 3):
 PSYoungGen      total 9728K, used 496K [0x0000000755580000, 0x0000000756180000, 0x0000000800000000)
  eden space 9216K, 0% used [0x0000000755580000,0x0000000755580000,0x0000000755e80000)
  from space 512K, 96% used [0x0000000756000000,0x000000075607c010,0x0000000756080000)
  to   space 1536K, 0% used [0x0000000755e80000,0x0000000755e80000,0x0000000756000000)
 ParOldGen       total 70144K, used 56432K [0x0000000600000000, 0x0000000604480000, 0x0000000755580000)
  object space 70144K, 80% used [0x0000000600000000,0x000000060371c328,0x0000000604480000)
 Metaspace       used 61689K, committed 62912K, reserved 1114112K
  class space    used 6528K, committed 7040K, reserved 1048576K
}
Event: 301.936 GC heap before
{Heap before GC invocations=70 (full 3):
 PSYoungGen      total 9728K, used 9593K [0x0000000755580000, 0x0000000756180000, 0x0000000800000000)
  eden space 9216K, 98% used [0x0000000755580000,0x0000000755e62478,0x0000000755e80000)
  from space 512K, 96% used [0x0000000756000000,0x000000075607c010,0x0000000756080000)
  to   space 1536K, 0% used [0x0000000755e80000,0x0000000755e80000,0x0000000756000000)
 ParOldGen       total 70144K, used 56432K [0x0000000600000000, 0x0000000604480000, 0x0000000755580000)
  object space 70144K, 80% used [0x0000000600000000,0x000000060371c328,0x0000000604480000)
 Metaspace       used 62481K, committed 63808K, reserved 1114112K
  class space    used 6602K, committed 7168K, reserved 1048576K
}
Event: 301.946 GC heap after
{Heap after GC invocations=70 (full 3):
 PSYoungGen      total 10752K, used 192K [0x0000000755580000, 0x0000000756080000, 0x0000000800000000)
  eden space 9216K, 0% used [0x0000000755580000,0x0000000755580000,0x0000000755e80000)
  from space 1536K, 12% used [0x0000000755e80000,0x0000000755eb0000,0x0000000756000000)
  to   space 512K, 0% used [0x0000000756000000,0x0000000756000000,0x0000000756080000)
 ParOldGen       total 70144K, used 58788K [0x0000000600000000, 0x0000000604480000, 0x0000000755580000)
  object space 70144K, 83% used [0x0000000600000000,0x0000000603969260,0x0000000604480000)
 Metaspace       used 62481K, committed 63808K, reserved 1114112K
  class space    used 6602K, committed 7168K, reserved 1048576K
}
Event: 302.472 GC heap before
{Heap before GC invocations=71 (full 3):
 PSYoungGen      total 10752K, used 9408K [0x0000000755580000, 0x0000000756080000, 0x0000000800000000)
  eden space 9216K, 100% used [0x0000000755580000,0x0000000755e80000,0x0000000755e80000)
  from space 1536K, 12% used [0x0000000755e80000,0x0000000755eb0000,0x0000000756000000)
  to   space 512K, 0% used [0x0000000756000000,0x0000000756000000,0x0000000756080000)
 ParOldGen       total 70144K, used 58788K [0x0000000600000000, 0x0000000604480000, 0x0000000755580000)
  object space 70144K, 83% used [0x0000000600000000,0x0000000603969260,0x0000000604480000)
 Metaspace       used 62886K, committed 64256K, reserved 1114112K
  class space    used 6639K, committed 7232K, reserved 1048576K
}
Event: 302.496 GC heap after
{Heap after GC invocations=71 (full 3):
 PSYoungGen      total 6144K, used 496K [0x0000000755580000, 0x0000000756880000, 0x0000000800000000)
  eden space 5632K, 0% used [0x0000000755580000,0x0000000755580000,0x0000000755b00000)
  from space 512K, 96% used [0x0000000756000000,0x000000075607c020,0x0000000756080000)
  to   space 5120K, 0% used [0x0000000755b00000,0x0000000755b00000,0x0000000756000000)
 ParOldGen       total 70144K, used 62316K [0x0000000600000000, 0x0000000604480000, 0x0000000755580000)
  object space 70144K, 88% used [0x0000000600000000,0x0000000603cdb280,0x0000000604480000)
 Metaspace       used 62886K, committed 64256K, reserved 1114112K
  class space    used 6639K, committed 7232K, reserved 1048576K
}
Event: 302.720 GC heap before
{Heap before GC invocations=72 (full 3):
 PSYoungGen      total 6144K, used 6128K [0x0000000755580000, 0x0000000756880000, 0x0000000800000000)
  eden space 5632K, 100% used [0x0000000755580000,0x0000000755b00000,0x0000000755b00000)
  from space 512K, 96% used [0x0000000756000000,0x000000075607c020,0x0000000756080000)
  to   space 5120K, 0% used [0x0000000755b00000,0x0000000755b00000,0x0000000756000000)
 ParOldGen       total 70144K, used 62316K [0x0000000600000000, 0x0000000604480000, 0x0000000755580000)
  object space 70144K, 88% used [0x0000000600000000,0x0000000603cdb280,0x0000000604480000)
 Metaspace       used 62970K, committed 64320K, reserved 1114112K
  class space    used 6651K, committed 7232K, reserved 1048576K
}
Event: 302.756 GC heap after
{Heap after GC invocations=72 (full 3):
 PSYoungGen      total 7680K, used 1804K [0x0000000755580000, 0x0000000756100000, 0x0000000800000000)
  eden space 5632K, 0% used [0x0000000755580000,0x0000000755580000,0x0000000755b00000)
  from space 2048K, 88% used [0x0000000755b00000,0x0000000755cc3200,0x0000000755d00000)
  to   space 3072K, 0% used [0x0000000755e00000,0x0000000755e00000,0x0000000756100000)
 ParOldGen       total 70144K, used 62820K [0x0000000600000000, 0x0000000604480000, 0x0000000755580000)
  object space 70144K, 89% used [0x0000000600000000,0x0000000603d592a0,0x0000000604480000)
 Metaspace       used 62970K, committed 64320K, reserved 1114112K
  class space    used 6651K, committed 7232K, reserved 1048576K
}
Event: 303.110 GC heap before
{Heap before GC invocations=73 (full 3):
 PSYoungGen      total 7680K, used 7436K [0x0000000755580000, 0x0000000756100000, 0x0000000800000000)
  eden space 5632K, 100% used [0x0000000755580000,0x0000000755b00000,0x0000000755b00000)
  from space 2048K, 88% used [0x0000000755b00000,0x0000000755cc3200,0x0000000755d00000)
  to   space 3072K, 0% used [0x0000000755e00000,0x0000000755e00000,0x0000000756100000)
 ParOldGen       total 70144K, used 62820K [0x0000000600000000, 0x0000000604480000, 0x0000000755580000)
  object space 70144K, 89% used [0x0000000600000000,0x0000000603d592a0,0x0000000604480000)
 Metaspace       used 63095K, committed 64384K, reserved 1114112K
  class space    used 6671K, committed 7232K, reserved 1048576K
}
Event: 303.118 GC heap after
{Heap after GC invocations=73 (full 3):
 PSYoungGen      total 7168K, used 1296K [0x0000000755580000, 0x0000000755f80000, 0x0000000800000000)
  eden space 5632K, 0% used [0x0000000755580000,0x0000000755580000,0x0000000755b00000)
  from space 1536K, 84% used [0x0000000755e00000,0x0000000755f44020,0x0000000755f80000)
  to   space 2048K, 0% used [0x0000000755b80000,0x0000000755b80000,0x0000000755d80000)
 ParOldGen       total 70144K, used 64436K [0x0000000600000000, 0x0000000604480000, 0x0000000755580000)
  object space 70144K, 91% used [0x0000000600000000,0x0000000603eed108,0x0000000604480000)
 Metaspace       used 63095K, committed 64384K, reserved 1114112K
  class space    used 6671K, committed 7232K, reserved 1048576K
}
Event: 303.338 GC heap before
{Heap before GC invocations=74 (full 3):
 PSYoungGen      total 7168K, used 6928K [0x0000000755580000, 0x0000000755f80000, 0x0000000800000000)
  eden space 5632K, 100% used [0x0000000755580000,0x0000000755b00000,0x0000000755b00000)
  from space 1536K, 84% used [0x0000000755e00000,0x0000000755f44020,0x0000000755f80000)
  to   space 2048K, 0% used [0x0000000755b80000,0x0000000755b80000,0x0000000755d80000)
 ParOldGen       total 70144K, used 64436K [0x0000000600000000, 0x0000000604480000, 0x0000000755580000)
  object space 70144K, 91% used [0x0000000600000000,0x0000000603eed108,0x0000000604480000)
 Metaspace       used 63131K, committed 64512K, reserved 1114112K
  class space    used 6678K, committed 7232K, reserved 1048576K
}
Event: 303.356 GC heap after
{Heap after GC invocations=74 (full 3):
 PSYoungGen      total 7168K, used 1408K [0x0000000755580000, 0x0000000755e80000, 0x0000000800000000)
  eden space 5632K, 0% used [0x0000000755580000,0x0000000755580000,0x0000000755b00000)
  from space 1536K, 91% used [0x0000000755b80000,0x0000000755ce0010,0x0000000755d00000)
  to   space 1536K, 0% used [0x0000000755d00000,0x0000000755d00000,0x0000000755e80000)
 ParOldGen       total 70144K, used 65634K [0x0000000600000000, 0x0000000604480000, 0x0000000755580000)
  object space 70144K, 93% used [0x0000000600000000,0x0000000604018a28,0x0000000604480000)
 Metaspace       used 63131K, committed 64512K, reserved 1114112K
  class space    used 6678K, committed 7232K, reserved 1048576K
}

Dll operation events (18 events):
Event: 0.314 Attempting to load shared library /home/gabbs/.vscode/extensions/redhat.java-1.56.0-linux-x64/jre/21.0.12.1-linux-x86_64/lib/libjava.so
Event: 0.314 Loaded shared library /home/gabbs/.vscode/extensions/redhat.java-1.56.0-linux-x64/jre/21.0.12.1-linux-x86_64/lib/libjava.so
Event: 1.261 Attempting to load shared library /home/gabbs/.vscode/extensions/redhat.java-1.56.0-linux-x64/jre/21.0.12.1-linux-x86_64/lib/libzip.so
Event: 1.352 Loaded shared library /home/gabbs/.vscode/extensions/redhat.java-1.56.0-linux-x64/jre/21.0.12.1-linux-x86_64/lib/libzip.so
Event: 1.749 Attempting to load shared library /home/gabbs/.vscode/extensions/redhat.java-1.56.0-linux-x64/jre/21.0.12.1-linux-x86_64/lib/libinstrument.so
Event: 1.749 Loaded shared library /home/gabbs/.vscode/extensions/redhat.java-1.56.0-linux-x64/jre/21.0.12.1-linux-x86_64/lib/libinstrument.so
Event: 1.819 Attempting to load shared library /home/gabbs/.vscode/extensions/redhat.java-1.56.0-linux-x64/jre/21.0.12.1-linux-x86_64/lib/libnio.so
Event: 1.846 Loaded shared library /home/gabbs/.vscode/extensions/redhat.java-1.56.0-linux-x64/jre/21.0.12.1-linux-x86_64/lib/libnio.so
Event: 1.871 Attempting to load shared library /home/gabbs/.vscode/extensions/redhat.java-1.56.0-linux-x64/jre/21.0.12.1-linux-x86_64/lib/libzip.so
Event: 1.871 Loaded shared library /home/gabbs/.vscode/extensions/redhat.java-1.56.0-linux-x64/jre/21.0.12.1-linux-x86_64/lib/libzip.so
Event: 1.909 Attempting to load shared library /home/gabbs/.vscode/extensions/redhat.java-1.56.0-linux-x64/jre/21.0.12.1-linux-x86_64/lib/libjimage.so
Event: 1.909 Loaded shared library /home/gabbs/.vscode/extensions/redhat.java-1.56.0-linux-x64/jre/21.0.12.1-linux-x86_64/lib/libjimage.so
Event: 2.039 Attempting to load shared library /home/gabbs/.vscode/extensions/redhat.java-1.56.0-linux-x64/jre/21.0.12.1-linux-x86_64/lib/libverify.so
Event: 2.041 Loaded shared library /home/gabbs/.vscode/extensions/redhat.java-1.56.0-linux-x64/jre/21.0.12.1-linux-x86_64/lib/libverify.so
Event: 3.909 Attempting to load shared library /home/gabbs/.vscode/extensions/redhat.java-1.56.0-linux-x64/jre/21.0.12.1-linux-x86_64/lib/libnet.so
Event: 3.909 Loaded shared library /home/gabbs/.vscode/extensions/redhat.java-1.56.0-linux-x64/jre/21.0.12.1-linux-x86_64/lib/libnet.so
Event: 7.278 Attempting to load shared library /home/gabbs/.config/Code/User/globalStorage/redhat.java/1.56.0/config_linux/org.eclipse.equinox.launcher/org.eclipse.equinox.launcher.gtk.linux.x86_64_1.2.1600.v20260804-1928/eclipse_11924.so
Event: 7.293 Loaded shared library /home/gabbs/.config/Code/User/globalStorage/redhat.java/1.56.0/config_linux/org.eclipse.equinox.launcher/org.eclipse.equinox.launcher.gtk.linux.x86_64_1.2.1600.v20260804-1928/eclipse_11924.so

Deoptimization events (20 events):
Event: 302.463 Thread 0x000076be4c000f60 Uncommon trap: trap_request=0xffffffc6 fr.pc=0x000076bf20f00388 relative=0x0000000000000608
Event: 302.463 Thread 0x000076be4c000f60 Uncommon trap: reason=bimorphic_or_optimized_type_check action=maybe_recompile pc=0x000076bf20f00388 method=org.eclipse.core.internal.dtree.DeltaDataTree.lookup(Lorg/eclipse/core/runtime/IPath;)Lorg/eclipse/core/internal/dtree/DataTreeLookup; @ 66 c2
Event: 302.463 Thread 0x000076be4c000f60 DEOPT PACKING pc=0x000076bf20f00388 sp=0x000076bf145fa8f0
Event: 302.463 Thread 0x000076be4c000f60 DEOPT UNPACKING pc=0x000076bf2058a393 sp=0x000076bf145fa820 mode 2
Event: 302.759 Thread 0x0000625a49c78600 DEOPT PACKING pc=0x000076bf19f93546 sp=0x000076bebebfd250
Event: 302.759 Thread 0x0000625a49c78600 DEOPT UNPACKING pc=0x000076bf2058ab10 sp=0x000076bebebfc700 mode 0
Event: 302.790 Thread 0x000076be4c000f60 Uncommon trap: trap_request=0xffffff45 fr.pc=0x000076bf20eef688 relative=0x0000000000000528
Event: 302.790 Thread 0x000076be4c000f60 Uncommon trap: reason=unstable_if action=reinterpret pc=0x000076bf20eef688 method=java.util.List.of([Ljava/lang/Object;)Ljava/util/List; @ 2 c2
Event: 302.790 Thread 0x000076be4c000f60 DEOPT PACKING pc=0x000076bf20eef688 sp=0x000076bf145fa150
Event: 302.790 Thread 0x000076be4c000f60 DEOPT UNPACKING pc=0x000076bf2058a393 sp=0x000076bf145fa118 mode 2
Event: 302.802 Thread 0x0000625a49c78600 DEOPT PACKING pc=0x000076bf19e844f9 sp=0x000076bebebfcfd0
Event: 302.802 Thread 0x0000625a49c78600 DEOPT UNPACKING pc=0x000076bf2058ab10 sp=0x000076bebebfc510 mode 0
Event: 303.011 Thread 0x000076be4c000f60 DEOPT PACKING pc=0x000076bf1a2b368e sp=0x000076bf145f9e90
Event: 303.013 Thread 0x000076be4c000f60 DEOPT UNPACKING pc=0x000076bf2058ab10 sp=0x000076bf145f9338 mode 0
Event: 303.017 Thread 0x000076be4c000f60 DEOPT PACKING pc=0x000076bf1a2b2f15 sp=0x000076bf145f9e70
Event: 303.020 Thread 0x000076be4c000f60 DEOPT UNPACKING pc=0x000076bf2058ab10 sp=0x000076bf145f9320 mode 0
Event: 303.023 Thread 0x000076be4c000f60 DEOPT PACKING pc=0x000076bf1a2b603f sp=0x000076bf145f9d00
Event: 303.023 Thread 0x000076be4c000f60 DEOPT UNPACKING pc=0x000076bf2058ab10 sp=0x000076bf145f9198 mode 0
Event: 303.438 Thread 0x000076be502b1e60 DEOPT PACKING pc=0x000076bf191dfae3 sp=0x000076bebe9fccb0
Event: 303.438 Thread 0x000076be502b1e60 DEOPT UNPACKING pc=0x000076bf2058ab10 sp=0x000076bebe9fc208 mode 0

Classes loaded (20 events):
Event: 301.906 Loading class sun/nio/fs/UnixFileSystemProvider$3
Event: 301.906 Loading class sun/nio/fs/UnixFileSystemProvider$3 done
Event: 301.977 Loading class java/util/stream/DistinctOps
Event: 301.977 Loading class java/util/stream/DistinctOps done
Event: 301.977 Loading class java/util/stream/DistinctOps$1
Event: 301.978 Loading class java/util/stream/DistinctOps$1 done
Event: 301.995 Loading class java/util/stream/DistinctOps$1$2
Event: 301.995 Loading class java/util/stream/DistinctOps$1$2 done
Event: 302.162 Loading class java/nio/file/DirectoryIteratorException
Event: 302.162 Loading class java/nio/file/DirectoryIteratorException done
Event: 302.789 Loading class java/nio/file/FileTreeIterator
Event: 302.790 Loading class java/nio/file/FileTreeIterator done
Event: 303.294 Loading class java/nio/file/Files$2
Event: 303.294 Loading class java/nio/file/Files$2 done
Event: 303.412 Loading class java/util/concurrent/ArrayBlockingQueue
Event: 303.413 Loading class java/util/concurrent/ArrayBlockingQueue done
Event: 303.776 Loading class java/util/concurrent/ConcurrentHashMap$KeySpliterator
Event: 303.777 Loading class java/util/concurrent/ConcurrentHashMap$KeySpliterator done
Event: 303.790 Loading class sun/nio/ch/ChannelOutputStream
Event: 303.790 Loading class sun/nio/ch/ChannelOutputStream done

Classes unloaded (7 events):
Event: 22.450 Thread 0x000076bf280e86e0 Unloading class 0x000076bec01a9400 'java/lang/invoke/LambdaForm$MH+0x000076bec01a9400'
Event: 22.450 Thread 0x000076bf280e86e0 Unloading class 0x000076bec01a9000 'java/lang/invoke/LambdaForm$MH+0x000076bec01a9000'
Event: 22.450 Thread 0x000076bf280e86e0 Unloading class 0x000076bec01a8c00 'java/lang/invoke/LambdaForm$MH+0x000076bec01a8c00'
Event: 22.450 Thread 0x000076bf280e86e0 Unloading class 0x000076bec01a8800 'java/lang/invoke/LambdaForm$MH+0x000076bec01a8800'
Event: 22.450 Thread 0x000076bf280e86e0 Unloading class 0x000076bec01a8400 'java/lang/invoke/LambdaForm$BMH+0x000076bec01a8400'
Event: 22.450 Thread 0x000076bf280e86e0 Unloading class 0x000076bec01a8000 'java/lang/invoke/LambdaForm$DMH+0x000076bec01a8000'
Event: 22.450 Thread 0x000076bf280e86e0 Unloading class 0x000076bec01a6c00 'java/lang/invoke/LambdaForm$DMH+0x000076bec01a6c00'

Classes redefined (0 events):
No events

Internal exceptions (20 events):
Event: 301.323 Thread 0x000076bf2842cca0 Exception <a 'sun/nio/fs/UnixException'{0x000000075580f1d8}> (0x000000075580f1d8) 
thrown [src/hotspot/share/prims/jni.cpp, line 520]
Event: 301.335 Thread 0x000076bf2842cca0 Exception <a 'sun/nio/fs/UnixException'{0x00000007558302e0}> (0x00000007558302e0) 
thrown [src/hotspot/share/prims/jni.cpp, line 520]
Event: 301.410 Thread 0x000076bf2842cca0 Exception <a 'java/lang/NoSuchMethodError'{0x0000000755897688}: 'java.lang.Object java.lang.invoke.DirectMethodHandle$Holder.invokeStatic(java.lang.Object, java.lang.Object, int, java.lang.Object)'> (0x0000000755897688) 
thrown [src/hotspot/share/interpreter/linkResolver.cpp, line 772]
Event: 301.424 Thread 0x000076bf2842cca0 Exception <a 'java/lang/NoSuchMethodError'{0x000000075589e410}: 'java.lang.Object java.lang.invoke.DirectMethodHandle$Holder.newInvokeSpecial(java.lang.Object, java.lang.Object, int)'> (0x000000075589e410) 
thrown [src/hotspot/share/interpreter/linkResolver.cpp, line 772]
Event: 302.405 Thread 0x000076be4c000f60 Exception <a 'sun/nio/fs/UnixException'{0x0000000755e08690}> (0x0000000755e08690) 
thrown [src/hotspot/share/prims/jni.cpp, line 520]
Event: 302.420 Thread 0x000076be4c000f60 Exception <a 'sun/nio/fs/UnixException'{0x0000000755e14b58}> (0x0000000755e14b58) 
thrown [src/hotspot/share/prims/jni.cpp, line 520]
Event: 302.442 Thread 0x000076be4c000f60 Exception <a 'sun/nio/fs/UnixException'{0x0000000755e4a7c0}> (0x0000000755e4a7c0) 
thrown [src/hotspot/share/prims/jni.cpp, line 520]
Event: 302.453 Thread 0x000076be500c4050 Exception <a 'sun/nio/fs/UnixException'{0x0000000755e58fe0}> (0x0000000755e58fe0) 
thrown [src/hotspot/share/prims/jni.cpp, line 520]
Event: 302.464 Thread 0x000076be4c000f60 Exception <a 'sun/nio/fs/UnixException'{0x0000000755e78018}> (0x0000000755e78018) 
thrown [src/hotspot/share/prims/jni.cpp, line 520]
Event: 302.471 Thread 0x000076be4c000f60 Exception <a 'sun/nio/fs/UnixException'{0x0000000755e7fbc8}> (0x0000000755e7fbc8) 
thrown [src/hotspot/share/prims/jni.cpp, line 520]
Event: 302.498 Thread 0x000076be4c000f60 Exception <a 'sun/nio/fs/UnixException'{0x0000000755582b30}> (0x0000000755582b30) 
thrown [src/hotspot/share/prims/jni.cpp, line 520]
Event: 302.695 Thread 0x000076bf2842cca0 Exception <a 'java/lang/IncompatibleClassChangeError'{0x0000000755aab680}: Found class java.lang.Object, but interface was expected> (0x0000000755aab680) 
thrown [src/hotspot/share/interpreter/linkResolver.cpp, line 840]
Event: 302.695 Thread 0x000076bf2842cca0 Exception <a 'java/lang/IncompatibleClassChangeError'{0x0000000755aad1a8}: Found class java.lang.Object, but interface was expected> (0x0000000755aad1a8) 
thrown [src/hotspot/share/interpreter/linkResolver.cpp, line 840]
Event: 303.784 Thread 0x000076be4c000f60 Exception <a 'java/lang/NoSuchMethodError'{0x00000007558a5b68}: 'java.lang.Object java.lang.invoke.DirectMethodHandle$Holder.newInvokeSpecial(java.lang.Object, java.lang.Object, int, int, java.lang.Object)'> (0x00000007558a5b68) 
thrown [src/hotspot/share/interpreter/linkResolver.cpp, line 772]
Event: 303.947 Thread 0x000076be4c000f60 Exception <a 'sun/nio/fs/UnixException'{0x00000007558b71e0}> (0x00000007558b71e0) 
thrown [src/hotspot/share/prims/jni.cpp, line 520]
Event: 303.949 Thread 0x000076be4c013d50 Exception <a 'sun/nio/fs/UnixException'{0x0000000755968a28}> (0x0000000755968a28) 
thrown [src/hotspot/share/prims/jni.cpp, line 520]
Event: 303.949 Thread 0x000076be4c013d50 Exception <a 'sun/nio/fs/UnixException'{0x00000007559692c8}> (0x00000007559692c8) 
thrown [src/hotspot/share/prims/jni.cpp, line 520]
Event: 303.954 Thread 0x000076be4c000f60 Exception <a 'sun/nio/fs/UnixException'{0x00000007558baa58}> (0x00000007558baa58) 
thrown [src/hotspot/share/prims/jni.cpp, line 520]
Event: 303.955 Thread 0x000076be4c000f60 Exception <a 'sun/nio/fs/UnixException'{0x00000007558bd6a8}> (0x00000007558bd6a8) 
thrown [src/hotspot/share/prims/jni.cpp, line 520]
Event: 303.955 Thread 0x000076be4c000f60 Exception <a 'sun/nio/fs/UnixException'{0x00000007559742f0}> (0x00000007559742f0) 
thrown [src/hotspot/share/prims/jni.cpp, line 520]

ZGC Phase Switch (0 events):
No events

VM Operations (20 events):
Event: 301.385 Executing safepoint VM operation: Cleanup
Event: 301.386 Executing safepoint VM operation: Cleanup done
Event: 301.844 Executing non-safepoint VM operation: HandshakeAllThreads (Deoptimize)
Event: 301.845 Executing non-safepoint VM operation: HandshakeAllThreads (Deoptimize) done
Event: 301.856 Executing non-safepoint VM operation: HandshakeAllThreads (Deoptimize)
Event: 301.856 Executing non-safepoint VM operation: HandshakeAllThreads (Deoptimize) done
Event: 301.936 Executing safepoint VM operation: ParallelGCFailedAllocation (Allocation Failure)
Event: 301.946 Executing safepoint VM operation: ParallelGCFailedAllocation (Allocation Failure) done
Event: 301.989 Executing non-safepoint VM operation: HandshakeAllThreads (Deoptimize)
Event: 301.993 Executing non-safepoint VM operation: HandshakeAllThreads (Deoptimize) done
Event: 302.160 Executing non-safepoint VM operation: HandshakeAllThreads (Deoptimize)
Event: 302.160 Executing non-safepoint VM operation: HandshakeAllThreads (Deoptimize) done
Event: 302.472 Executing safepoint VM operation: ParallelGCFailedAllocation (Allocation Failure)
Event: 302.496 Executing safepoint VM operation: ParallelGCFailedAllocation (Allocation Failure) done
Event: 302.719 Executing safepoint VM operation: ParallelGCFailedAllocation (Allocation Failure)
Event: 302.756 Executing safepoint VM operation: ParallelGCFailedAllocation (Allocation Failure) done
Event: 303.110 Executing safepoint VM operation: ParallelGCFailedAllocation (Allocation Failure)
Event: 303.118 Executing safepoint VM operation: ParallelGCFailedAllocation (Allocation Failure) done
Event: 303.335 Executing safepoint VM operation: ParallelGCFailedAllocation (Allocation Failure)
Event: 303.356 Executing safepoint VM operation: ParallelGCFailedAllocation (Allocation Failure) done

Memory protections (20 events):
Event: 34.406 Protecting memory [0x000076bebec00000,0x000076bebec04000] with protection modes 0
Event: 35.235 Protecting memory [0x000076bebeb00000,0x000076bebeb04000] with protection modes 0
Event: 35.922 Protecting memory [0x000076bebea00000,0x000076bebea04000] with protection modes 0
Event: 35.926 Protecting memory [0x000076bebe900000,0x000076bebe904000] with protection modes 0
Event: 35.966 Protecting memory [0x000076bebe800000,0x000076bebe804000] with protection modes 0
Event: 35.967 Protecting memory [0x000076bebe600000,0x000076bebe604000] with protection modes 0
Event: 35.968 Protecting memory [0x000076bebe700000,0x000076bebe704000] with protection modes 0
Event: 262.218 Protecting memory [0x000076bebeb00000,0x000076bebeb04000] with protection modes 0
Event: 301.912 Protecting memory [0x000076bebec00000,0x000076bebec04000] with protection modes 0
Event: 302.452 Protecting memory [0x000076bebed00000,0x000076bebed04000] with protection modes 0
Event: 302.454 Protecting memory [0x000076bf148fd000,0x000076bf14901000] with protection modes 0
Event: 302.529 Protecting memory [0x000076bf145fd000,0x000076bf14601000] with protection modes 0
Event: 302.535 Protecting memory [0x000076bf146fd000,0x000076bf14701000] with protection modes 0
Event: 302.795 Protecting memory [0x000076bebea00000,0x000076bebea04000] with protection modes 0
Event: 302.812 Protecting memory [0x000076bebe800000,0x000076bebe804000] with protection modes 0
Event: 303.414 Protecting memory [0x000076bebe900000,0x000076bebe904000] with protection modes 0
Event: 303.788 Protecting memory [0x000076bebe600000,0x000076bebe604000] with protection modes 0
Event: 303.937 Protecting memory [0x000076bebe700000,0x000076bebe704000] with protection modes 0
Event: 303.952 Protecting memory [0x000076bebe500000,0x000076bebe504000] with protection modes 0
Event: 303.971 Protecting memory [0x000076bebe400000,0x000076bebe404000] with protection modes 0

Nmethod flushes (20 events):
Event: 38.748 Thread 0x000076bf280e86e0 flushing  nmethod 0x000076bf19828b10
Event: 38.748 Thread 0x000076bf280e86e0 flushing  nmethod 0x000076bf19829090
Event: 38.748 Thread 0x000076bf280e86e0 flushing  nmethod 0x000076bf19829910
Event: 38.748 Thread 0x000076bf280e86e0 flushing  nmethod 0x000076bf1982d610
Event: 38.748 Thread 0x000076bf280e86e0 flushing  nmethod 0x000076bf1982e110
Event: 38.748 Thread 0x000076bf280e86e0 flushing  nmethod 0x000076bf1982ed10
Event: 38.748 Thread 0x000076bf280e86e0 flushing  nmethod 0x000076bf1982f710
Event: 38.748 Thread 0x000076bf280e86e0 flushing  nmethod 0x000076bf1982fc10
Event: 38.748 Thread 0x000076bf280e86e0 flushing  nmethod 0x000076bf19830110
Event: 38.748 Thread 0x000076bf280e86e0 flushing  nmethod 0x000076bf19830490
Event: 38.748 Thread 0x000076bf280e86e0 flushing  nmethod 0x000076bf19830c10
Event: 38.748 Thread 0x000076bf280e86e0 flushing  nmethod 0x000076bf1983b910
Event: 38.748 Thread 0x000076bf280e86e0 flushing  nmethod 0x000076bf19844090
Event: 38.748 Thread 0x000076bf280e86e0 flushing  nmethod 0x000076bf19844590
Event: 38.748 Thread 0x000076bf280e86e0 flushing  nmethod 0x000076bf19844a90
Event: 38.748 Thread 0x000076bf280e86e0 flushing  nmethod 0x000076bf1987b710
Event: 38.748 Thread 0x000076bf280e86e0 flushing  nmethod 0x000076bf1987ff90
Event: 38.748 Thread 0x000076bf280e86e0 flushing  nmethod 0x000076bf19880410
Event: 38.748 Thread 0x000076bf280e86e0 flushing  nmethod 0x000076bf19887290
Event: 38.748 Thread 0x000076bf280e86e0 flushing  nmethod 0x000076bf19889690

Events (20 events):
Event: 36.673 Thread 0x000076be5c1bd580 Thread exited: 0x000076be5c1bd580
Event: 95.511 Thread 0x000076be58000f60 Thread exited: 0x000076be58000f60
Event: 97.140 Thread 0x000076be5c011f30 Thread exited: 0x000076be5c011f30
Event: 97.147 Thread 0x000076be706d1350 Thread exited: 0x000076be706d1350
Event: 116.329 Thread 0x0000625a49c76600 Thread exited: 0x0000625a49c76600
Event: 176.329 Thread 0x0000625a49c77480 Thread exited: 0x0000625a49c77480
Event: 236.329 Thread 0x0000625a49c78600 Thread exited: 0x0000625a49c78600
Event: 262.218 Thread 0x000076bf2842cca0 Thread added: 0x0000625a49c78600
Event: 301.912 Thread 0x000076be706c4690 Thread added: 0x000076be5c16e130
Event: 302.449 Thread 0x000076be4c000f60 Thread added: 0x000076be500c4050
Event: 302.453 Thread 0x000076be500c4050 Thread added: 0x000076be4c013d50
Event: 302.528 Thread 0x000076be4c000f60 Thread added: 0x000076be500be530
Event: 302.529 Thread 0x000076be4c000f60 Thread added: 0x000076be500bf210
Event: 302.792 Thread 0x000076bf2842cca0 Thread added: 0x0000625a49cf4d40
Event: 302.812 Thread 0x000076bf2842cca0 Thread added: 0x0000625a49cf5d50
Event: 303.414 Thread 0x000076be4c000f60 Thread added: 0x000076be502b1e60
Event: 303.787 Thread 0x000076be4c000f60 Thread added: 0x000076be5030ffa0
Event: 303.936 Thread 0x000076be4c000f60 Thread added: 0x000076be50310c80
Event: 303.951 Thread 0x000076be4c013d50 Thread added: 0x000076be780788d0
Event: 303.970 Thread 0x000076be5c16e130 Thread added: 0x000076be58062840


Dynamic libraries:
600000000-604480000 rw-p 00000000 00:00 0 
604480000-755580000 ---p 00000000 00:00 0 
755580000-755e80000 rw-p 00000000 00:00 0 
755e80000-800000000 ---p 00000000 00:00 0 
625a1e12a000-625a1e12b000 r-xp 00000000 08:01 4719954                    /home/gabbs/.vscode/extensions/redhat.java-1.56.0-linux-x64/jre/21.0.12.1-linux-x86_64/bin/java
625a1e12c000-625a1e12d000 r--p 00001000 08:01 4719954                    /home/gabbs/.vscode/extensions/redhat.java-1.56.0-linux-x64/jre/21.0.12.1-linux-x86_64/bin/java
625a1e12d000-625a1e12e000 rw-p 00002000 08:01 4719954                    /home/gabbs/.vscode/extensions/redhat.java-1.56.0-linux-x64/jre/21.0.12.1-linux-x86_64/bin/java
625a49a76000-625a49d12000 rw-p 00000000 00:00 0                          [heap]
76be40e00000-76be43fe2000 r--s 00000000 08:01 4719875                    /home/gabbs/.vscode/extensions/redhat.java-1.56.0-linux-x64/jre/21.0.12.1-linux-x86_64/lib/modules
76be44000000-76be44021000 rw-p 00000000 00:00 0 
76be44021000-76be48000000 ---p 00000000 00:00 0 
76be48000000-76be48021000 rw-p 00000000 00:00 0 
76be48021000-76be4c000000 ---p 00000000 00:00 0 
76be4c000000-76be4c021000 rw-p 00000000 00:00 0 
76be4c021000-76be50000000 ---p 00000000 00:00 0 
76be50000000-76be5059b000 rw-p 00000000 00:00 0 
76be5059b000-76be54000000 ---p 00000000 00:00 0 
76be54000000-76be5450d000 rw-p 00000000 00:00 0 
76be5450d000-76be58000000 ---p 00000000 00:00 0 
76be58000000-76be5808d000 rw-p 00000000 00:00 0 
76be5808d000-76be5c000000 ---p 00000000 00:00 0 
76be5c000000-76be5c205000 rw-p 00000000 00:00 0 
76be5c205000-76be60000000 ---p 00000000 00:00 0 
76be60000000-76be605b8000 rw-p 00000000 00:00 0 
76be605b8000-76be64000000 ---p 00000000 00:00 0 
76be64000000-76be64021000 rw-p 00000000 00:00 0 
76be64021000-76be68000000 ---p 00000000 00:00 0 
76be68000000-76be68021000 rw-p 00000000 00:00 0 
76be68021000-76be6c000000 ---p 00000000 00:00 0 
76be6c000000-76be6c021000 rw-p 00000000 00:00 0 
76be6c021000-76be70000000 ---p 00000000 00:00 0 
76be70000000-76be70bc2000 rw-p 00000000 00:00 0 
76be70bc2000-76be74000000 ---p 00000000 00:00 0 
76be74000000-76be7410d000 rw-p 00000000 00:00 0 
76be7410d000-76be78000000 ---p 00000000 00:00 0 
76be78000000-76be78090000 rw-p 00000000 00:00 0 
76be78090000-76be7c000000 ---p 00000000 00:00 0 
76be7c000000-76be7c021000 rw-p 00000000 00:00 0 
76be7c021000-76be80000000 ---p 00000000 00:00 0 
76be80000000-76be80021000 rw-p 00000000 00:00 0 
76be80021000-76be84000000 ---p 00000000 00:00 0 
76be84000000-76be84021000 rw-p 00000000 00:00 0 
76be84021000-76be88000000 ---p 00000000 00:00 0 
76be88000000-76be88021000 rw-p 00000000 00:00 0 
76be88021000-76be8c000000 ---p 00000000 00:00 0 
76be8c000000-76be8c021000 rw-p 00000000 00:00 0 
76be8c021000-76be90000000 ---p 00000000 00:00 0 
76be90000000-76be90021000 rw-p 00000000 00:00 0 
76be90021000-76be94000000 ---p 00000000 00:00 0 
76be94000000-76be95eb6000 rw-p 00000000 00:00 0 
76be95eb6000-76be98000000 ---p 00000000 00:00 0 
76be98000000-76be98bd2000 rw-p 00000000 00:00 0 
76be98bd2000-76be9c000000 ---p 00000000 00:00 0 
76be9c000000-76be9c021000 rw-p 00000000 00:00 0 
76be9c021000-76bea0000000 ---p 00000000 00:00 0 
76bea0000000-76bea0021000 rw-p 00000000 00:00 0 
76bea0021000-76bea4000000 ---p 00000000 00:00 0 
76bea4000000-76bea4021000 rw-p 00000000 00:00 0 
76bea4021000-76bea8000000 ---p 00000000 00:00 0 
76bea8000000-76bea8021000 rw-p 00000000 00:00 0 
76bea8021000-76beac000000 ---p 00000000 00:00 0 
76beac000000-76beac021000 rw-p 00000000 00:00 0 
76beac021000-76beb0000000 ---p 00000000 00:00 0 
76beb0000000-76beb0021000 rw-p 00000000 00:00 0 
76beb0021000-76beb4000000 ---p 00000000 00:00 0 
76beb4000000-76beb4400000 rw-p 00000000 00:00 0 
76beb4400000-76beb47c0000 rw-p 00000000 00:00 0 
76beb47c0000-76beb4800000 rw-p 00000000 00:00 0 
76beb4800000-76beb48e0000 rw-p 00000000 00:00 0 
76beb48e0000-76beb4900000 rw-p 00000000 00:00 0 
76beb4900000-76beb4b00000 rw-p 00000000 00:00 0 
76beb4b00000-76beb4c00000 rw-p 00000000 00:00 0 
76beb4c00000-76beb51c0000 rw-p 00000000 00:00 0 
76beb51c0000-76beb5300000 rw-p 00000000 00:00 0 
76beb5300000-76beb5400000 rw-p 00000000 00:00 0 
76beb5400000-76beb5b80000 rw-p 00000000 00:00 0 
76beb5b80000-76beb5c00000 rw-p 00000000 00:00 0 
76beb5c00000-76beb5e00000 rw-p 00000000 00:00 0 
76beb5e00000-76beb5f00000 rw-p 00000000 00:00 0 
76beb5f00000-76beb6000000 rw-p 00000000 00:00 0 
76beb6000000-76beb6900000 rw-p 00000000 00:00 0 
76beb6900000-76beb6a00000 rw-p 00000000 00:00 0 
76beb6a00000-76beb7820000 rw-p 00000000 00:00 0 
76beb7820000-76beb8000000 ---p 00000000 00:00 0 
76beb8000000-76beb8021000 rw-p 00000000 00:00 0 
76beb8021000-76bebc000000 ---p 00000000 00:00 0 
76bebe119000-76bebe400000 rw-p 00000000 00:00 0 
76bebe400000-76bebe404000 ---p 00000000 00:00 0 
76bebe404000-76bebe500000 rw-p 00000000 00:00 0 
76bebe500000-76bebe504000 ---p 00000000 00:00 0 
76bebe504000-76bebe600000 rw-p 00000000 00:00 0 
76bebe600000-76bebe604000 ---p 00000000 00:00 0 
76bebe604000-76bebe700000 rw-p 00000000 00:00 0 
76bebe700000-76bebe704000 ---p 00000000 00:00 0 
76bebe704000-76bebe800000 rw-p 00000000 00:00 0 
76bebe800000-76bebe804000 ---p 00000000 00:00 0 
76bebe804000-76bebe900000 rw-p 00000000 00:00 0 
76bebe900000-76bebe904000 ---p 00000000 00:00 0 
76bebe904000-76bebea00000 rw-p 00000000 00:00 0 
76bebea00000-76bebea04000 ---p 00000000 00:00 0 
76bebea04000-76bebeb00000 rw-p 00000000 00:00 0 
76bebeb00000-76bebeb04000 ---p 00000000 00:00 0 
76bebeb04000-76bebec00000 rw-p 00000000 00:00 0 
76bebec00000-76bebec04000 ---p 00000000 00:00 0 
76bebec04000-76bebed00000 rw-p 00000000 00:00 0 
76bebed00000-76bebed04000 ---p 00000000 00:00 0 
76bebed04000-76bebee00000 rw-p 00000000 00:00 0 
76bebee00000-76bebee04000 ---p 00000000 00:00 0 
76bebee04000-76bebef00000 rw-p 00000000 00:00 0 
76bebef00000-76bebef04000 ---p 00000000 00:00 0 
76bebef04000-76bebf000000 rw-p 00000000 00:00 0 
76bebf000000-76bebfbba000 rw-p 00001000 08:01 4719988                    /home/gabbs/.vscode/extensions/redhat.java-1.56.0-linux-x64/jre/21.0.12.1-linux-x86_64/lib/server/classes.jsa
76bebfbba000-76bec0000000 ---p 00000000 00:00 0 
76bec0000000-76bec0040000 rw-p 00000000 00:00 0 
76bec0040000-76bec00c0000 rw-p 00000000 00:00 0 
76bec00c0000-76bec0100000 rw-p 00000000 00:00 0 
76bec0100000-76bec0200000 rw-p 00000000 00:00 0 
76bec0200000-76bec0720000 rw-p 00000000 00:00 0 
76bec0720000-76bf00000000 ---p 00000000 00:00 0 
76bf00000000-76bf10021000 rw-p 00000000 00:00 0 
76bf10021000-76bf14000000 ---p 00000000 00:00 0 
76bf140fd000-76bf14101000 ---p 00000000 00:00 0 
76bf14101000-76bf141fd000 rw-p 00000000 00:00 0 
76bf141fd000-76bf14201000 ---p 00000000 00:00 0 
76bf14201000-76bf142fd000 rw-p 00000000 00:00 0 
76bf142fd000-76bf14301000 ---p 00000000 00:00 0 
76bf14301000-76bf143fd000 rw-p 00000000 00:00 0 
76bf143fd000-76bf14401000 ---p 00000000 00:00 0 
76bf14401000-76bf144fd000 rw-p 00000000 00:00 0 
76bf144fd000-76bf14501000 ---p 00000000 00:00 0 
76bf14501000-76bf145fd000 rw-p 00000000 00:00 0 
76bf145fd000-76bf14601000 ---p 00000000 00:00 0 
76bf14601000-76bf146fd000 rw-p 00000000 00:00 0 
76bf146fd000-76bf14701000 ---p 00000000 00:00 0 
76bf14701000-76bf147fd000 rw-p 00000000 00:00 0 
76bf147fd000-76bf14801000 ---p 00000000 00:00 0 
76bf14801000-76bf148fd000 rw-p 00000000 00:00 0 
76bf148fd000-76bf14901000 ---p 00000000 00:00 0 
76bf14901000-76bf149fd000 rw-p 00000000 00:00 0 
76bf149fd000-76bf14a01000 ---p 00000000 00:00 0 
76bf14a01000-76bf14afd000 rw-p 00000000 00:00 0 
76bf14afd000-76bf14b01000 ---p 00000000 00:00 0 
76bf14b01000-76bf14bfd000 rw-p 00000000 00:00 0 
76bf14bfd000-76bf14c01000 ---p 00000000 00:00 0 
76bf14c01000-76bf14cfd000 rw-p 00000000 00:00 0 
76bf14cfd000-76bf14d01000 ---p 00000000 00:00 0 
76bf14d01000-76bf14dfd000 rw-p 00000000 00:00 0 
76bf14dfd000-76bf14e01000 ---p 00000000 00:00 0 
76bf14e01000-76bf14efd000 rw-p 00000000 00:00 0 
76bf14efd000-76bf14f01000 ---p 00000000 00:00 0 
76bf14f01000-76bf14ffd000 rw-p 00000000 00:00 0 
76bf14ffd000-76bf15001000 ---p 00000000 00:00 0 
76bf15001000-76bf150fd000 rw-p 00000000 00:00 0 
76bf150fd000-76bf15101000 ---p 00000000 00:00 0 
76bf15101000-76bf15500000 rw-p 00000000 00:00 0 
76bf15500000-76bf15504000 ---p 00000000 00:00 0 
76bf15504000-76bf15600000 rw-p 00000000 00:00 0 
76bf15600000-76bf15604000 ---p 00000000 00:00 0 
76bf15604000-76bf15700000 rw-p 00000000 00:00 0 
76bf15700000-76bf15704000 ---p 00000000 00:00 0 
76bf15704000-76bf15800000 rw-p 00000000 00:00 0 
76bf15800000-76bf15804000 ---p 00000000 00:00 0 
76bf15804000-76bf15900000 rw-p 00000000 00:00 0 
76bf15900000-76bf15904000 ---p 00000000 00:00 0 
76bf15904000-76bf15a00000 rw-p 00000000 00:00 0 
76bf15a00000-76bf15a04000 ---p 00000000 00:00 0 
76bf15a04000-76bf15b00000 rw-p 00000000 00:00 0 
76bf15b00000-76bf15b04000 ---p 00000000 00:00 0 
76bf15b04000-76bf15c00000 rw-p 00000000 00:00 0 
76bf15c00000-76bf15c04000 ---p 00000000 00:00 0 
76bf15c04000-76bf15d00000 rw-p 00000000 00:00 0 
76bf15d00000-76bf15d04000 ---p 00000000 00:00 0 
76bf15d04000-76bf15e00000 rw-p 00000000 00:00 0 
76bf15e00000-76bf160ed000 r--p 00000000 08:01 5263995                    /usr/lib/locale/locale-archive
76bf160f3000-76bf161f4000 rw-p 00000000 00:00 0 
76bf161f4000-76bf17e00000 rw-p 00000000 00:00 0 
76bf17efe000-76bf17fff000 rw-p 00000000 00:00 0 
76bf17fff000-76bf18022000 rw-p 00000000 00:00 0 
76bf18022000-76bf18aa9000 ---p 00000000 00:00 0 
76bf18aa9000-76bf18aaf000 rw-p 00000000 00:00 0 
76bf18aaf000-76bf19000000 ---p 00000000 00:00 0 
76bf19000000-76bf1a330000 rwxp 00000000 00:00 0 
76bf1a330000-76bf20537000 ---p 00000000 00:00 0 
76bf20537000-76bf207a7000 rwxp 00000000 00:00 0 
76bf207a7000-76bf20ac8000 ---p 00000000 00:00 0 
76bf20ac8000-76bf20f28000 rwxp 00000000 00:00 0 
76bf20f28000-76bf28000000 ---p 00000000 00:00 0 
76bf28000000-76bf2843d000 rw-p 00000000 00:00 0 
76bf2843d000-76bf2c000000 ---p 00000000 00:00 0 
76bf2c0b4000-76bf2c0b8000 r--p 00000000 08:01 4720334                    /home/gabbs/.config/Code/User/globalStorage/redhat.java/1.56.0/config_linux/org.eclipse.equinox.launcher/org.eclipse.equinox.launcher.gtk.linux.x86_64_1.2.1600.v20260804-1928/eclipse_11924.so
76bf2c0b8000-76bf2c0c2000 r-xp 00004000 08:01 4720334                    /home/gabbs/.config/Code/User/globalStorage/redhat.java/1.56.0/config_linux/org.eclipse.equinox.launcher/org.eclipse.equinox.launcher.gtk.linux.x86_64_1.2.1600.v20260804-1928/eclipse_11924.so
76bf2c0c2000-76bf2c0c5000 r--p 0000e000 08:01 4720334                    /home/gabbs/.config/Code/User/globalStorage/redhat.java/1.56.0/config_linux/org.eclipse.equinox.launcher/org.eclipse.equinox.launcher.gtk.linux.x86_64_1.2.1600.v20260804-1928/eclipse_11924.so
76bf2c0c5000-76bf2c0c6000 r--p 00010000 08:01 4720334                    /home/gabbs/.config/Code/User/globalStorage/redhat.java/1.56.0/config_linux/org.eclipse.equinox.launcher/org.eclipse.equinox.launcher.gtk.linux.x86_64_1.2.1600.v20260804-1928/eclipse_11924.so
76bf2c0c6000-76bf2c0c7000 rw-p 00011000 08:01 4720334                    /home/gabbs/.config/Code/User/globalStorage/redhat.java/1.56.0/config_linux/org.eclipse.equinox.launcher/org.eclipse.equinox.launcher.gtk.linux.x86_64_1.2.1600.v20260804-1928/eclipse_11924.so
76bf2c0c7000-76bf2c0c8000 rw-p 00000000 00:00 0 
76bf2c0c8000-76bf2c0d5000 r-xp 00000000 08:01 4719877                    /home/gabbs/.vscode/extensions/redhat.java-1.56.0-linux-x64/jre/21.0.12.1-linux-x86_64/lib/libverify.so
76bf2c0d5000-76bf2c0d7000 r--p 0000c000 08:01 4719877                    /home/gabbs/.vscode/extensions/redhat.java-1.56.0-linux-x64/jre/21.0.12.1-linux-x86_64/lib/libverify.so
76bf2c0d7000-76bf2c0d8000 rw-p 0000e000 08:01 4719877                    /home/gabbs/.vscode/extensions/redhat.java-1.56.0-linux-x64/jre/21.0.12.1-linux-x86_64/lib/libverify.so
76bf2c0d8000-76bf2c277000 rw-p 00000000 00:00 0 
76bf2c277000-76bf2ccff000 ---p 00000000 00:00 0 
76bf2ccff000-76bf2ce00000 rw-p 00000000 00:00 0 
76bf2ce00000-76bf2ffe2000 r--s 00000000 08:01 4719875                    /home/gabbs/.vscode/extensions/redhat.java-1.56.0-linux-x64/jre/21.0.12.1-linux-x86_64/lib/modules
76bf2ffe7000-76bf30002000 r-xp 00000000 08:01 4719876                    /home/gabbs/.vscode/extensions/redhat.java-1.56.0-linux-x64/jre/21.0.12.1-linux-x86_64/lib/libzip.so
76bf30002000-76bf30003000 r--p 0001a000 08:01 4719876                    /home/gabbs/.vscode/extensions/redhat.java-1.56.0-linux-x64/jre/21.0.12.1-linux-x86_64/lib/libzip.so
76bf30003000-76bf30004000 rw-p 0001b000 08:01 4719876                    /home/gabbs/.vscode/extensions/redhat.java-1.56.0-linux-x64/jre/21.0.12.1-linux-x86_64/lib/libzip.so
76bf30004000-76bf3000d000 rw-p 00000000 00:00 0 
76bf3000d000-76bf300ef000 ---p 00000000 00:00 0 
76bf300ef000-76bf30116000 rw-p 00000000 00:00 0 
76bf30116000-76bf301da000 ---p 00000000 00:00 0 
76bf301da000-76bf301de000 ---p 00000000 00:00 0 
76bf301de000-76bf302da000 rw-p 00000000 00:00 0 
76bf302da000-76bf302ec000 r--p 00000000 08:01 5244858                    /usr/lib/x86_64-linux-gnu/libm.so.6
76bf302ec000-76bf3038c000 r-xp 00012000 08:01 5244858                    /usr/lib/x86_64-linux-gnu/libm.so.6
76bf3038c000-76bf303fe000 r--p 000b2000 08:01 5244858                    /usr/lib/x86_64-linux-gnu/libm.so.6
76bf303fe000-76bf303ff000 r--p 00123000 08:01 5244858                    /usr/lib/x86_64-linux-gnu/libm.so.6
76bf303ff000-76bf30400000 rw-p 00124000 08:01 5244858                    /usr/lib/x86_64-linux-gnu/libm.so.6
76bf30400000-76bf3183a000 r-xp 00000000 08:01 4719985                    /home/gabbs/.vscode/extensions/redhat.java-1.56.0-linux-x64/jre/21.0.12.1-linux-x86_64/lib/server/libjvm.so
76bf3183a000-76bf3190f000 r--p 01439000 08:01 4719985                    /home/gabbs/.vscode/extensions/redhat.java-1.56.0-linux-x64/jre/21.0.12.1-linux-x86_64/lib/server/libjvm.so
76bf3190f000-76bf3193f000 rw-p 0150e000 08:01 4719985                    /home/gabbs/.vscode/extensions/redhat.java-1.56.0-linux-x64/jre/21.0.12.1-linux-x86_64/lib/server/libjvm.so
76bf3193f000-76bf319a5000 rw-p 00000000 00:00 0 
76bf319aa000-76bf319b1000 r--s 00000000 08:01 5387228                    /usr/lib/x86_64-linux-gnu/gconv/gconv-modules.cache
76bf319b1000-76bf319bd000 r-xp 00000000 08:01 4719885                    /home/gabbs/.vscode/extensions/redhat.java-1.56.0-linux-x64/jre/21.0.12.1-linux-x86_64/lib/libnet.so
76bf319bd000-76bf319be000 r--p 0000b000 08:01 4719885                    /home/gabbs/.vscode/extensions/redhat.java-1.56.0-linux-x64/jre/21.0.12.1-linux-x86_64/lib/libnet.so
76bf319be000-76bf319bf000 rw-p 0000c000 08:01 4719885                    /home/gabbs/.vscode/extensions/redhat.java-1.56.0-linux-x64/jre/21.0.12.1-linux-x86_64/lib/libnet.so
76bf319bf000-76bf31a00000 rw-p 00000000 00:00 0 
76bf31a00000-76bf31a28000 r--p 00000000 08:01 5244855                    /usr/lib/x86_64-linux-gnu/libc.so.6
76bf31a28000-76bf31bc0000 r-xp 00028000 08:01 5244855                    /usr/lib/x86_64-linux-gnu/libc.so.6
76bf31bc0000-76bf31c0e000 r--p 001c0000 08:01 5244855                    /usr/lib/x86_64-linux-gnu/libc.so.6
76bf31c0e000-76bf31c12000 r--p 0020e000 08:01 5244855                    /usr/lib/x86_64-linux-gnu/libc.so.6
76bf31c12000-76bf31c14000 rw-p 00212000 08:01 5244855                    /usr/lib/x86_64-linux-gnu/libc.so.6
76bf31c14000-76bf31c21000 rw-p 00000000 00:00 0 
76bf31c21000-76bf31c35000 r-xp 00000000 08:01 4719884                    /home/gabbs/.vscode/extensions/redhat.java-1.56.0-linux-x64/jre/21.0.12.1-linux-x86_64/lib/libnio.so
76bf31c35000-76bf31c36000 r--p 00013000 08:01 4719884                    /home/gabbs/.vscode/extensions/redhat.java-1.56.0-linux-x64/jre/21.0.12.1-linux-x86_64/lib/libnio.so
76bf31c36000-76bf31c37000 rw-p 00014000 08:01 4719884                    /home/gabbs/.vscode/extensions/redhat.java-1.56.0-linux-x64/jre/21.0.12.1-linux-x86_64/lib/libnio.so
76bf31c37000-76bf31c3c000 rw-p 00000000 00:00 0 
76bf31c3c000-76bf31c43000 ---p 00000000 00:00 0 
76bf31c43000-76bf31c4b000 rw-s 00000000 00:25 48                         /tmp/hsperfdata_gabbs/2358
76bf31c4b000-76bf31c6c000 r-xp 00000000 08:01 4719899                    /home/gabbs/.vscode/extensions/redhat.java-1.56.0-linux-x64/jre/21.0.12.1-linux-x86_64/lib/libjava.so
76bf31c6c000-76bf31c6d000 r--p 00020000 08:01 4719899                    /home/gabbs/.vscode/extensions/redhat.java-1.56.0-linux-x64/jre/21.0.12.1-linux-x86_64/lib/libjava.so
76bf31c6d000-76bf31c6e000 rw-p 00021000 08:01 4719899                    /home/gabbs/.vscode/extensions/redhat.java-1.56.0-linux-x64/jre/21.0.12.1-linux-x86_64/lib/libjava.so
76bf31c6e000-76bf31c6f000 rw-p 00000000 00:00 0 
76bf31c6f000-76bf31c8a000 r-xp 00000000 08:01 4719895                    /home/gabbs/.vscode/extensions/redhat.java-1.56.0-linux-x64/jre/21.0.12.1-linux-x86_64/lib/libjimage.so
76bf31c8a000-76bf31c8b000 ---p 0001b000 08:01 4719895                    /home/gabbs/.vscode/extensions/redhat.java-1.56.0-linux-x64/jre/21.0.12.1-linux-x86_64/lib/libjimage.so
76bf31c8b000-76bf31c8d000 r--p 0001b000 08:01 4719895                    /home/gabbs/.vscode/extensions/redhat.java-1.56.0-linux-x64/jre/21.0.12.1-linux-x86_64/lib/libjimage.so
76bf31c8d000-76bf31c8e000 rw-p 0001d000 08:01 4719895                    /home/gabbs/.vscode/extensions/redhat.java-1.56.0-linux-x64/jre/21.0.12.1-linux-x86_64/lib/libjimage.so
76bf31c8e000-76bf31c8f000 r--p 00000000 08:01 5244869                    /usr/lib/x86_64-linux-gnu/librt.so.1
76bf31c8f000-76bf31c90000 r-xp 00001000 08:01 5244869                    /usr/lib/x86_64-linux-gnu/librt.so.1
76bf31c90000-76bf31c91000 r--p 00002000 08:01 5244869                    /usr/lib/x86_64-linux-gnu/librt.so.1
76bf31c91000-76bf31c92000 r--p 00002000 08:01 5244869                    /usr/lib/x86_64-linux-gnu/librt.so.1
76bf31c92000-76bf31c93000 rw-p 00003000 08:01 5244869                    /usr/lib/x86_64-linux-gnu/librt.so.1
76bf31c93000-76bf31c95000 rw-p 00000000 00:00 0 
76bf31c95000-76bf31c96000 r--p 00000000 08:01 5244857                    /usr/lib/x86_64-linux-gnu/libdl.so.2
76bf31c96000-76bf31c97000 r-xp 00001000 08:01 5244857                    /usr/lib/x86_64-linux-gnu/libdl.so.2
76bf31c97000-76bf31c98000 r--p 00002000 08:01 5244857                    /usr/lib/x86_64-linux-gnu/libdl.so.2
76bf31c98000-76bf31c99000 r--p 00002000 08:01 5244857                    /usr/lib/x86_64-linux-gnu/libdl.so.2
76bf31c99000-76bf31c9a000 rw-p 00003000 08:01 5244857                    /usr/lib/x86_64-linux-gnu/libdl.so.2
76bf31c9a000-76bf31c9b000 r--p 00000000 08:01 5244867                    /usr/lib/x86_64-linux-gnu/libpthread.so.0
76bf31c9b000-76bf31c9c000 r-xp 00001000 08:01 5244867                    /usr/lib/x86_64-linux-gnu/libpthread.so.0
76bf31c9c000-76bf31c9d000 r--p 00002000 08:01 5244867                    /usr/lib/x86_64-linux-gnu/libpthread.so.0
76bf31c9d000-76bf31c9e000 r--p 00002000 08:01 5244867                    /usr/lib/x86_64-linux-gnu/libpthread.so.0
76bf31c9e000-76bf31c9f000 rw-p 00003000 08:01 5244867                    /usr/lib/x86_64-linux-gnu/libpthread.so.0
76bf31ca3000-76bf31cad000 r-xp 00000000 08:01 4719904                    /home/gabbs/.vscode/extensions/redhat.java-1.56.0-linux-x64/jre/21.0.12.1-linux-x86_64/lib/libinstrument.so
76bf31cad000-76bf31cae000 ---p 0000a000 08:01 4719904                    /home/gabbs/.vscode/extensions/redhat.java-1.56.0-linux-x64/jre/21.0.12.1-linux-x86_64/lib/libinstrument.so
76bf31cae000-76bf31caf000 r--p 0000a000 08:01 4719904                    /home/gabbs/.vscode/extensions/redhat.java-1.56.0-linux-x64/jre/21.0.12.1-linux-x86_64/lib/libinstrument.so
76bf31caf000-76bf31cb0000 rw-p 0000b000 08:01 4719904                    /home/gabbs/.vscode/extensions/redhat.java-1.56.0-linux-x64/jre/21.0.12.1-linux-x86_64/lib/libinstrument.so
76bf31cb0000-76bf31cb1000 ---p 00000000 00:00 0 
76bf31cb1000-76bf31cb2000 r--p 00000000 00:00 0 
76bf31cb2000-76bf31cb3000 ---p 00000000 00:00 0 
76bf31cb3000-76bf31ccc000 r-xp 00000000 08:01 4719894                    /home/gabbs/.vscode/extensions/redhat.java-1.56.0-linux-x64/jre/21.0.12.1-linux-x86_64/lib/libjli.so
76bf31ccc000-76bf31ccd000 r--p 00018000 08:01 4719894                    /home/gabbs/.vscode/extensions/redhat.java-1.56.0-linux-x64/jre/21.0.12.1-linux-x86_64/lib/libjli.so
76bf31ccd000-76bf31cce000 rw-p 00019000 08:01 4719894                    /home/gabbs/.vscode/extensions/redhat.java-1.56.0-linux-x64/jre/21.0.12.1-linux-x86_64/lib/libjli.so
76bf31cce000-76bf31cd0000 rw-p 00000000 00:00 0 
76bf31cd0000-76bf31cd4000 r--p 00000000 00:00 0                          [vvar]
76bf31cd4000-76bf31cd6000 r--p 00000000 00:00 0                          [vvar_vclock]
76bf31cd6000-76bf31cd8000 r-xp 00000000 00:00 0                          [vdso]
76bf31cd8000-76bf31cd9000 r--p 00000000 08:01 5244852                    /usr/lib/x86_64-linux-gnu/ld-linux-x86-64.so.2
76bf31cd9000-76bf31d08000 r-xp 00001000 08:01 5244852                    /usr/lib/x86_64-linux-gnu/ld-linux-x86-64.so.2
76bf31d08000-76bf31d13000 r--p 00030000 08:01 5244852                    /usr/lib/x86_64-linux-gnu/ld-linux-x86-64.so.2
76bf31d13000-76bf31d15000 r--p 0003b000 08:01 5244852                    /usr/lib/x86_64-linux-gnu/ld-linux-x86-64.so.2
76bf31d15000-76bf31d16000 rw-p 0003d000 08:01 5244852                    /usr/lib/x86_64-linux-gnu/ld-linux-x86-64.so.2
76bf31d16000-76bf31d17000 rw-p 00000000 00:00 0 
7ffd7aa4a000-7ffd7aa6c000 rw-p 00000000 00:00 0                          [stack]
ffffffffff600000-ffffffffff601000 --xp 00000000 00:00 0                  [vsyscall]
Total number of mappings: 283

JVMTI agents:
/home/gabbs/.vscode/extensions/redhat.java-1.56.0-linux-x64/lombok/lombok-1.18.39-4050.jar path:none, loaded, initialized, instrumentlib options:none


VM Arguments:
jvm_args: --add-modules=ALL-SYSTEM --add-opens=java.base/java.util=ALL-UNNAMED --add-opens=java.base/java.lang=ALL-UNNAMED --add-opens=java.base/sun.nio.fs=ALL-UNNAMED -Declipse.application=org.eclipse.jdt.ls.core.id1 -Dosgi.bundles.defaultStartLevel=4 -Declipse.product=org.eclipse.jdt.ls.core.product -Djava.import.generatesMetadataFilesAtProjectRoot=false -Dm2e.project.cache.size=50 -DDetectVMInstallationsJob.disabled=true -Dfile.encoding=utf8 -XX:+UseParallelGC -XX:GCTimeRatio=4 -XX:AdaptiveSizePolicyWeight=90 -Dsun.zip.disableMemoryMapping=true -Xmx8G -Xms100m -Xlog:disable -javaagent:/home/gabbs/.vscode/extensions/redhat.java-1.56.0-linux-x64/lombok/lombok-1.18.39-4050.jar -XX:+HeapDumpOnOutOfMemoryError -XX:HeapDumpPath=/home/gabbs/.config/Code/User/workspaceStorage/b977f89bdcc5cc735d15987db58e84b3/redhat.java -Daether.dependencyCollector.impl=bf 
java_command: /home/gabbs/.vscode/extensions/redhat.java-1.56.0-linux-x64/server/plugins/org.eclipse.equinox.launcher_1.8.0.v20260804-1928.jar -configuration /home/gabbs/.config/Code/User/globalStorage/redhat.java/1.56.0/config_linux -data /home/gabbs/.config/Code/User/workspaceStorage/b977f89bdcc5cc735d15987db58e84b3/redhat.java/jdt_ws --pipe=/run/user/1000/lsp-00fae7b1af22c13fdd3a3e80d23d4496.sock
java_class_path (initial): /home/gabbs/.vscode/extensions/redhat.java-1.56.0-linux-x64/server/plugins/org.eclipse.equinox.launcher_1.8.0.v20260804-1928.jar
Launcher Type: SUN_STANDARD

[Global flags]
    uintx AdaptiveSizePolicyWeight                 = 90                                        {product} {command line}
     intx CICompilerCount                          = 3                                         {product} {ergonomic}
    uintx GCTimeRatio                              = 4                                         {product} {command line}
     bool HeapDumpOnOutOfMemoryError               = true                                   {manageable} {command line}
    ccstr HeapDumpPath                             = /home/gabbs/.config/Code/User/workspaceStorage/b977f89bdcc5cc735d15987db58e84b3/redhat.java         {manageable} {command line}
   size_t InitialHeapSize                          = 104857600                                 {product} {command line}
   size_t MaxHeapSize                              = 8589934592                                {product} {command line}
   size_t MaxNewSize                               = 2863136768                                {product} {ergonomic}
   size_t MinHeapDeltaBytes                        = 524288                                    {product} {ergonomic}
   size_t MinHeapSize                              = 104857600                                 {product} {command line}
   size_t NewSize                                  = 34603008                                  {product} {ergonomic}
    uintx NonNMethodCodeHeapSize                   = 5832780                                {pd product} {ergonomic}
    uintx NonProfiledCodeHeapSize                  = 122912730                              {pd product} {ergonomic}
   size_t OldSize                                  = 70254592                                  {product} {ergonomic}
    uintx ProfiledCodeHeapSize                     = 122912730                              {pd product} {ergonomic}
    uintx ReservedCodeCacheSize                    = 251658240                              {pd product} {ergonomic}
     bool SegmentedCodeCache                       = true                                      {product} {ergonomic}
   size_t SoftMaxHeapSize                          = 8589934592                             {manageable} {ergonomic}
     bool UseCompressedOops                        = true                           {product lp64_product} {ergonomic}
     bool UseParallelGC                            = true                                      {product} {command line}

Logging:
Log output configuration:
 #0: stdout all=off uptime,level,tags foldmultilines=false
 #1: stderr all=off uptime,level,tags foldmultilines=false

Release file:
JAVA_VERSION="21.0.12.1"
MODULES="java.base java.compiler java.datatransfer java.xml java.prefs java.desktop java.instrument java.logging java.management java.security.sasl java.naming java.rmi java.management.rmi java.net.http java.scripting java.security.jgss java.transaction.xa java.sql java.sql.rowset java.xml.crypto java.se java.smartcardio jdk.accessibility jdk.internal.jvmstat jdk.attach jdk.charsets jdk.internal.opt jdk.zipfs jdk.compiler jdk.crypto.ec jdk.crypto.cryptoki jdk.dynalink jdk.internal.ed jdk.editpad jdk.hotspot.agent jdk.httpserver jdk.internal.le jdk.internal.vm.ci jdk.internal.vm.compiler jdk.internal.vm.compiler.management jdk.jartool jdk.javadoc jdk.jcmd jdk.management jdk.management.agent jdk.jconsole jdk.jdeps jdk.jdwp.agent jdk.jdi jdk.jfr jdk.jshell jdk.jsobject jdk.jstatd jdk.localedata jdk.management.jfr jdk.naming.dns jdk.naming.rmi jdk.net jdk.nio.mapmode jdk.random jdk.sctp jdk.security.auth jdk.security.jgss jdk.unsupported jdk.unsupported.desktop jdk.xml.dom"

Environment Variables:
PATH=/usr/local/sbin:/usr/local/bin:/usr/sbin:/usr/bin:/sbin:/bin:/usr/games:/usr/local/games:/snap/bin
XDG_CACHE_HOME=/home/gabbs/.cache
XDG_CONFIG_HOME=/home/gabbs/.config
SHELL=/bin/bash
DISPLAY=:0
LANG=en_US.UTF-8
LC_NUMERIC=en_US.UTF-8
LC_TIME=en_US.UTF-8
TERM=qterminal

Active Locale:
LC_ALL=en_US.UTF-8
LC_COLLATE=en_US.UTF-8
LC_CTYPE=en_US.UTF-8
LC_MESSAGES=en_US.UTF-8
LC_MONETARY=en_US.UTF-8
LC_NUMERIC=en_US.UTF-8
LC_TIME=en_US.UTF-8

Signal Handlers:
   SIGSEGV: crash_handler in libjvm.so, mask=11100100010111111101111111111110, flags=SA_RESTART|SA_SIGINFO, unblocked
    SIGBUS: crash_handler in libjvm.so, mask=11100100010111111101111111111110, flags=SA_RESTART|SA_SIGINFO, unblocked
    SIGFPE: crash_handler in libjvm.so, mask=11100100010111111101111111111110, flags=SA_RESTART|SA_SIGINFO, unblocked
   SIGPIPE: javaSignalHandler in libjvm.so, mask=11100100010111111101111111111110, flags=SA_RESTART|SA_SIGINFO, unblocked
   SIGXFSZ: javaSignalHandler in libjvm.so, mask=11100100010111111101111111111110, flags=SA_RESTART|SA_SIGINFO, unblocked
    SIGILL: crash_handler in libjvm.so, mask=11100100010111111101111111111110, flags=SA_RESTART|SA_SIGINFO, unblocked
   SIGUSR2: SR_handler in libjvm.so, mask=00000000000000000000000000000000, flags=SA_RESTART|SA_SIGINFO, unblocked
    SIGHUP: UserHandler in libjvm.so, mask=11100100010111111101111111111110, flags=SA_RESTART|SA_SIGINFO, unblocked
    SIGINT: UserHandler in libjvm.so, mask=11100100010111111101111111111110, flags=SA_RESTART|SA_SIGINFO, unblocked
   SIGTERM: UserHandler in libjvm.so, mask=11100100010111111101111111111110, flags=SA_RESTART|SA_SIGINFO, unblocked
   SIGQUIT: UserHandler in libjvm.so, mask=11100100010111111101111111111110, flags=SA_RESTART|SA_SIGINFO, blocked
   SIGTRAP: crash_handler in libjvm.so, mask=11100100010111111101111111111110, flags=SA_RESTART|SA_SIGINFO, unblocked


Periodic native trim disabled

---------------  S Y S T E M  ---------------

OS:
DISTRIB_ID=Ubuntu
DISTRIB_RELEASE=26.04
DISTRIB_CODENAME=resolute
DISTRIB_DESCRIPTION="Ubuntu 26.04.1 LTS"
uname: Linux 7.0.0-30-generic #30-Ubuntu SMP PREEMPT_DYNAMIC Fri Jul 31 18:22:54 UTC 2026 x86_64
OS uptime: 0 days 0:07 hours
libc: glibc 2.43 NPTL 2.43 
rlimit (soft/hard): STACK 8192k/infinity , CORE 0k/infinity , NPROC 11439/11439 , NOFILE 524288/524288 , AS infinity/infinity , CPU infinity/infinity , DATA infinity/infinity , FSIZE infinity/infinity , MEMLOCK 8192k/8192k
load average: 1.14 1.56 1.02

/proc/meminfo:
MemTotal:        3792836 kB
MemFree:          141900 kB
MemAvailable:    1473860 kB
Buffers:            7584 kB
Cached:          1585720 kB
SwapCached:          308 kB
Active:           719648 kB
Inactive:        2672620 kB
Active(anon):     588568 kB
Inactive(anon):  1288568 kB
Active(file):     131080 kB
Inactive(file):  1384052 kB
Unevictable:        4556 kB
Mlocked:               0 kB
SwapTotal:        524284 kB
SwapFree:         523964 kB
Zswap:                 0 kB
Zswapped:              0 kB
Dirty:               504 kB
Writeback:             0 kB
AnonPages:       1803296 kB
Mapped:           577980 kB
Shmem:             78316 kB
KReclaimable:      41684 kB
Slab:             148176 kB
SReclaimable:      41684 kB
SUnreclaim:       106492 kB
KernelStack:       11200 kB
PageTables:        30484 kB
SecPageTables:       692 kB
NFS_Unstable:          0 kB
Bounce:                0 kB
WritebackTmp:          0 kB
CommitLimit:     2420700 kB
Committed_AS:   10559052 kB
VmallocTotal:   34359738367 kB
VmallocUsed:       38300 kB
VmallocChunk:          0 kB
Percpu:             2416 kB
HardwareCorrupted:     0 kB
AnonHugePages:         0 kB
ShmemHugePages:        0 kB
ShmemPmdMapped:        0 kB
FileHugePages:     18432 kB
FilePmdMapped:         0 kB
CmaTotal:              0 kB
CmaFree:           52816 kB
Unaccepted:            0 kB
Balloon:               0 kB
HugePages_Total:       0
HugePages_Free:        0
HugePages_Rsvd:        0
HugePages_Surp:        0
Hugepagesize:       2048 kB
Hugetlb:               0 kB
DirectMap4k:      136972 kB
DirectMap2M:     3844096 kB

/sys/kernel/mm/transparent_hugepage/enabled: always [madvise] never
/sys/kernel/mm/transparent_hugepage/hpage_pmd_size: 2097152
/sys/kernel/mm/transparent_hugepage/defrag (defrag/compaction efforts parameter): always defer defer+madvise [madvise] never

Process Memory:
Virtual Size: 12302200K (peak: 12302280K)
Resident Set Size: 298416K (peak: 300336K) (anon: 261048K, file: 37336K, shmem: 32K)
Swapped out: 0K
C-Heap outstanding allocations: 72739K, retained: 20244K
glibc malloc tunables: (default)

/proc/sys/kernel/threads-max (system-wide limit on the number of threads): 22879
/proc/sys/vm/max_map_count (maximum number of memory map areas a process may have): 1048576
/proc/sys/vm/swappiness (control to define how aggressively the kernel swaps out anonymous memory): 60
/proc/sys/kernel/pid_max (system-wide limit on number of process identifiers): 4194304

container information not found.
Steal ticks since vm start: 0
Steal ticks percentage since vm start:  0.000

CPU: total 4 (initial active 4) (2 cores per cpu, 2 threads per core) family 6 model 37 stepping 5 microcode 0x7, cx8, cmov, fxsr, ht, mmx, sse, sse2, sse3, ssse3, sse4.1, sse4.2, popcnt, tsc, tscinvbit, aes, clmul, clflush, rdtscp
CPU Model and flags from /proc/cpuinfo:
model name	: Intel(R) Core(TM) i7 CPU       L 640  @ 2.13GHz
flags		: fpu vme de pse tsc msr pae mce cx8 apic sep mtrr pge mca cmov pat pse36 clflush dts acpi mmx fxsr sse sse2 ht tm pbe syscall nx rdtscp lm constant_tsc arch_perfmon pebs bts rep_good nopl xtopology nonstop_tsc cpuid aperfmperf pni pclmulqdq dtes64 monitor ds_cpl vmx smx est tm2 ssse3 cx16 xtpr pdcm pcid sse4_1 sse4_2 popcnt aes lahf_lm pti ssbd ibrs ibpb stibp tpr_shadow flexpriority ept vpid dtherm ida arat vnmi flush_l1d

Online cpus: 0-3
Offline cpus: 
BIOS frequency limitation: 2134000
Frequency switch latency (ns): 10000
Available cpu frequencies: 2134000 2133000 1999000 1866000 1733000 1599000 1466000 1333000 1199000 
Current governor: schedutil
Core performance/turbo boost: 1

Memory: 4k page, physical 3792836k(1473756k free), swap 524284k(523964k free)
Page Sizes: 4k

vm_info: OpenJDK 64-Bit Server VM (21.0.12.1+1-LTS) for linux-amd64 JRE (21.0.12.1+1-LTS), built on 2026-08-18T00:00:00Z by "admin" with gcc 11.3.0

END.
